2026-05-14 15:43:02.750 +03:00 [ERR] An error occurred using the connection to database 'innovatepam_dev' on server 'tcp://localhost:5432'.
2026-05-14 15:47:21.815 +03:00 [ERR] An error occurred using the connection to database 'innovatepam_dev' on server 'tcp://localhost:5432'.
2026-05-14 15:47:22.124 +03:00 [INF] Executed DbCommand (180ms) [Parameters=[], CommandType='"Text"', CommandTimeout='30']
CREATE DATABASE innovatepam_dev;
2026-05-14 15:47:22.138 +03:00 [INF] Executed DbCommand (3ms) [Parameters=[], CommandType='"Text"', CommandTimeout='30']
SELECT 1
2026-05-14 15:47:22.157 +03:00 [INF] Executed DbCommand (3ms) [Parameters=[], CommandType='"Text"', CommandTimeout='30']
CREATE TABLE IF NOT EXISTS "__EFMigrationsHistory" (
    "MigrationId" character varying(150) NOT NULL,
    "ProductVersion" character varying(32) NOT NULL,
    CONSTRAINT "PK___EFMigrationsHistory" PRIMARY KEY ("MigrationId")
);
2026-05-14 15:47:22.160 +03:00 [INF] Acquiring an exclusive lock for migration application. See https://aka.ms/efcore-docs-migrations-lock for more information if this takes too long.
2026-05-14 15:47:22.160 +03:00 [INF] Executed DbCommand (1ms) [Parameters=[], CommandType='"Text"', CommandTimeout='30']
LOCK TABLE "__EFMigrationsHistory" IN ACCESS EXCLUSIVE MODE
2026-05-14 15:47:22.161 +03:00 [INF] Executed DbCommand (1ms) [Parameters=[], CommandType='"Text"', CommandTimeout='30']
SELECT "MigrationId", "ProductVersion"
FROM "__EFMigrationsHistory"
ORDER BY "MigrationId";
2026-05-14 15:47:22.165 +03:00 [INF] Applying migration '20260514115105_InitialCreate'.
2026-05-14 15:47:22.184 +03:00 [INF] Executed DbCommand (1ms) [Parameters=[], CommandType='"Text"', CommandTimeout='30']
CREATE TABLE "Roles" (
    "Id" uuid NOT NULL,
    "Name" character varying(256),
    "NormalizedName" character varying(256),
    "ConcurrencyStamp" text,
    CONSTRAINT "PK_Roles" PRIMARY KEY ("Id")
);
2026-05-14 15:47:22.185 +03:00 [INF] Executed DbCommand (1ms) [Parameters=[], CommandType='"Text"', CommandTimeout='30']
CREATE TABLE "Users" (
    "Id" uuid NOT NULL,
    "FirstName" character varying(100) NOT NULL,
    "LastName" character varying(100) NOT NULL,
    "CreatedDate" timestamp with time zone NOT NULL,
    "UserName" character varying(256),
    "NormalizedUserName" character varying(256),
    "Email" character varying(256),
    "NormalizedEmail" character varying(256),
    "EmailConfirmed" boolean NOT NULL,
    "PasswordHash" text,
    "SecurityStamp" text,
    "ConcurrencyStamp" text,
    "PhoneNumber" text,
    "PhoneNumberConfirmed" boolean NOT NULL,
    "TwoFactorEnabled" boolean NOT NULL,
    "LockoutEnd" timestamp with time zone,
    "LockoutEnabled" boolean NOT NULL,
    "AccessFailedCount" integer NOT NULL,
    CONSTRAINT "PK_Users" PRIMARY KEY ("Id")
);
2026-05-14 15:47:22.187 +03:00 [INF] Executed DbCommand (2ms) [Parameters=[], CommandType='"Text"', CommandTimeout='30']
CREATE TABLE "RoleClaims" (
    "Id" integer GENERATED BY DEFAULT AS IDENTITY,
    "RoleId" uuid NOT NULL,
    "ClaimType" text,
    "ClaimValue" text,
    CONSTRAINT "PK_RoleClaims" PRIMARY KEY ("Id"),
    CONSTRAINT "FK_RoleClaims_Roles_RoleId" FOREIGN KEY ("RoleId") REFERENCES "Roles" ("Id") ON DELETE CASCADE
);
2026-05-14 15:47:22.188 +03:00 [INF] Executed DbCommand (1ms) [Parameters=[], CommandType='"Text"', CommandTimeout='30']
CREATE TABLE "Ideas" (
    "Id" uuid NOT NULL,
    "Title" character varying(200) NOT NULL,
    "Description" character varying(2000),
    "Status" integer NOT NULL,
    "SubmitterId" uuid NOT NULL,
    "LastModifiedByAdminId" uuid,
    "CreatedDate" timestamp with time zone NOT NULL,
    "LastModifiedDate" timestamp with time zone NOT NULL,
    CONSTRAINT "PK_Ideas" PRIMARY KEY ("Id"),
    CONSTRAINT "FK_Ideas_Users_LastModifiedByAdminId" FOREIGN KEY ("LastModifiedByAdminId") REFERENCES "Users" ("Id") ON DELETE SET NULL,
    CONSTRAINT "FK_Ideas_Users_SubmitterId" FOREIGN KEY ("SubmitterId") REFERENCES "Users" ("Id") ON DELETE RESTRICT
);
2026-05-14 15:47:22.189 +03:00 [INF] Executed DbCommand (1ms) [Parameters=[], CommandType='"Text"', CommandTimeout='30']
CREATE TABLE "UserClaims" (
    "Id" integer GENERATED BY DEFAULT AS IDENTITY,
    "UserId" uuid NOT NULL,
    "ClaimType" text,
    "ClaimValue" text,
    CONSTRAINT "PK_UserClaims" PRIMARY KEY ("Id"),
    CONSTRAINT "FK_UserClaims_Users_UserId" FOREIGN KEY ("UserId") REFERENCES "Users" ("Id") ON DELETE CASCADE
);
2026-05-14 15:47:22.190 +03:00 [INF] Executed DbCommand (1ms) [Parameters=[], CommandType='"Text"', CommandTimeout='30']
CREATE TABLE "UserLogins" (
    "LoginProvider" text NOT NULL,
    "ProviderKey" text NOT NULL,
    "ProviderDisplayName" text,
    "UserId" uuid NOT NULL,
    CONSTRAINT "PK_UserLogins" PRIMARY KEY ("LoginProvider", "ProviderKey"),
    CONSTRAINT "FK_UserLogins_Users_UserId" FOREIGN KEY ("UserId") REFERENCES "Users" ("Id") ON DELETE CASCADE
);
2026-05-14 15:47:22.192 +03:00 [INF] Executed DbCommand (1ms) [Parameters=[], CommandType='"Text"', CommandTimeout='30']
CREATE TABLE "UserRoles" (
    "UserId" uuid NOT NULL,
    "RoleId" uuid NOT NULL,
    CONSTRAINT "PK_UserRoles" PRIMARY KEY ("UserId", "RoleId"),
    CONSTRAINT "FK_UserRoles_Roles_RoleId" FOREIGN KEY ("RoleId") REFERENCES "Roles" ("Id") ON DELETE CASCADE,
    CONSTRAINT "FK_UserRoles_Users_UserId" FOREIGN KEY ("UserId") REFERENCES "Users" ("Id") ON DELETE CASCADE
);
2026-05-14 15:47:22.193 +03:00 [INF] Executed DbCommand (1ms) [Parameters=[], CommandType='"Text"', CommandTimeout='30']
CREATE TABLE "UserTokens" (
    "UserId" uuid NOT NULL,
    "LoginProvider" text NOT NULL,
    "Name" text NOT NULL,
    "Value" text,
    CONSTRAINT "PK_UserTokens" PRIMARY KEY ("UserId", "LoginProvider", "Name"),
    CONSTRAINT "FK_UserTokens_Users_UserId" FOREIGN KEY ("UserId") REFERENCES "Users" ("Id") ON DELETE CASCADE
);
2026-05-14 15:47:22.194 +03:00 [INF] Executed DbCommand (1ms) [Parameters=[], CommandType='"Text"', CommandTimeout='30']
CREATE TABLE "AuditLogs" (
    "Id" uuid NOT NULL,
    "IdeaId" uuid NOT NULL,
    "OldStatus" character varying(50) NOT NULL,
    "NewStatus" character varying(50) NOT NULL,
    "ChangedByAdminId" uuid NOT NULL,
    "ChangedDate" timestamp with time zone NOT NULL,
    CONSTRAINT "PK_AuditLogs" PRIMARY KEY ("Id"),
    CONSTRAINT "FK_AuditLogs_Ideas_IdeaId" FOREIGN KEY ("IdeaId") REFERENCES "Ideas" ("Id") ON DELETE CASCADE,
    CONSTRAINT "FK_AuditLogs_Users_ChangedByAdminId" FOREIGN KEY ("ChangedByAdminId") REFERENCES "Users" ("Id") ON DELETE RESTRICT
);
2026-05-14 15:47:22.195 +03:00 [INF] Executed DbCommand (1ms) [Parameters=[], CommandType='"Text"', CommandTimeout='30']
CREATE TABLE "IdeaAttachments" (
    "Id" uuid NOT NULL,
    "IdeaId" uuid NOT NULL,
    "FileName" character varying(255) NOT NULL,
    "FilePath" character varying(500) NOT NULL,
    "FileSize" bigint NOT NULL,
    "UploadedDate" timestamp with time zone NOT NULL,
    CONSTRAINT "PK_IdeaAttachments" PRIMARY KEY ("Id"),
    CONSTRAINT "FK_IdeaAttachments_Ideas_IdeaId" FOREIGN KEY ("IdeaId") REFERENCES "Ideas" ("Id") ON DELETE CASCADE
);
2026-05-14 15:47:22.198 +03:00 [INF] Executed DbCommand (3ms) [Parameters=[], CommandType='"Text"', CommandTimeout='30']
INSERT INTO "Roles" ("Id", "ConcurrencyStamp", "Name", "NormalizedName")
VALUES ('11111111-1111-1111-1111-111111111111', '11111111-1111-1111-1111-111111111111', 'Submitter', 'SUBMITTER');
INSERT INTO "Roles" ("Id", "ConcurrencyStamp", "Name", "NormalizedName")
VALUES ('22222222-2222-2222-2222-222222222222', '22222222-2222-2222-2222-222222222222', 'Admin', 'ADMIN');
2026-05-14 15:47:22.199 +03:00 [INF] Executed DbCommand (1ms) [Parameters=[], CommandType='"Text"', CommandTimeout='30']
CREATE INDEX "IX_AuditLogs_ChangedByAdminId" ON "AuditLogs" ("ChangedByAdminId");
2026-05-14 15:47:22.200 +03:00 [INF] Executed DbCommand (0ms) [Parameters=[], CommandType='"Text"', CommandTimeout='30']
CREATE INDEX "IX_AuditLogs_ChangedDate" ON "AuditLogs" ("ChangedDate");
2026-05-14 15:47:22.200 +03:00 [INF] Executed DbCommand (1ms) [Parameters=[], CommandType='"Text"', CommandTimeout='30']
CREATE INDEX "IX_AuditLogs_IdeaId" ON "AuditLogs" ("IdeaId");
2026-05-14 15:47:22.201 +03:00 [INF] Executed DbCommand (1ms) [Parameters=[], CommandType='"Text"', CommandTimeout='30']
CREATE INDEX "IX_IdeaAttachments_IdeaId" ON "IdeaAttachments" ("IdeaId");
2026-05-14 15:47:22.203 +03:00 [INF] Executed DbCommand (1ms) [Parameters=[], CommandType='"Text"', CommandTimeout='30']
CREATE INDEX "IX_Ideas_LastModifiedByAdminId" ON "Ideas" ("LastModifiedByAdminId");
2026-05-14 15:47:22.203 +03:00 [INF] Executed DbCommand (1ms) [Parameters=[], CommandType='"Text"', CommandTimeout='30']
CREATE INDEX "IX_Ideas_Status" ON "Ideas" ("Status");
2026-05-14 15:47:22.205 +03:00 [INF] Executed DbCommand (1ms) [Parameters=[], CommandType='"Text"', CommandTimeout='30']
CREATE INDEX "IX_Ideas_SubmitterId" ON "Ideas" ("SubmitterId");
2026-05-14 15:47:22.206 +03:00 [INF] Executed DbCommand (1ms) [Parameters=[], CommandType='"Text"', CommandTimeout='30']
CREATE INDEX "IX_RoleClaims_RoleId" ON "RoleClaims" ("RoleId");
2026-05-14 15:47:22.207 +03:00 [INF] Executed DbCommand (1ms) [Parameters=[], CommandType='"Text"', CommandTimeout='30']
CREATE UNIQUE INDEX "RoleNameIndex" ON "Roles" ("NormalizedName");
2026-05-14 15:47:22.208 +03:00 [INF] Executed DbCommand (1ms) [Parameters=[], CommandType='"Text"', CommandTimeout='30']
CREATE INDEX "IX_UserClaims_UserId" ON "UserClaims" ("UserId");
2026-05-14 15:47:22.208 +03:00 [INF] Executed DbCommand (1ms) [Parameters=[], CommandType='"Text"', CommandTimeout='30']
CREATE INDEX "IX_UserLogins_UserId" ON "UserLogins" ("UserId");
2026-05-14 15:47:22.209 +03:00 [INF] Executed DbCommand (0ms) [Parameters=[], CommandType='"Text"', CommandTimeout='30']
CREATE INDEX "IX_UserRoles_RoleId" ON "UserRoles" ("RoleId");
2026-05-14 15:47:22.210 +03:00 [INF] Executed DbCommand (1ms) [Parameters=[], CommandType='"Text"', CommandTimeout='30']
CREATE INDEX "EmailIndex" ON "Users" ("NormalizedEmail");
2026-05-14 15:47:22.210 +03:00 [INF] Executed DbCommand (1ms) [Parameters=[], CommandType='"Text"', CommandTimeout='30']
CREATE UNIQUE INDEX "IX_Users_Email" ON "Users" ("Email");
2026-05-14 15:47:22.211 +03:00 [INF] Executed DbCommand (1ms) [Parameters=[], CommandType='"Text"', CommandTimeout='30']
CREATE UNIQUE INDEX "UserNameIndex" ON "Users" ("NormalizedUserName");
2026-05-14 15:47:22.212 +03:00 [INF] Executed DbCommand (0ms) [Parameters=[], CommandType='"Text"', CommandTimeout='30']
INSERT INTO "__EFMigrationsHistory" ("MigrationId", "ProductVersion")
VALUES ('20260514115105_InitialCreate', '10.0.8');
2026-05-14 15:47:22.212 +03:00 [INF] Applying migration '20260514130000_AddIdeaCategoryFields'.
2026-05-14 15:47:22.217 +03:00 [INF] Acquiring an exclusive lock for migration application. See https://aka.ms/efcore-docs-migrations-lock for more information if this takes too long.
2026-05-14 15:47:22.218 +03:00 [INF] Executed DbCommand (1ms) [Parameters=[], CommandType='"Text"', CommandTimeout='30']
LOCK TABLE "__EFMigrationsHistory" IN ACCESS EXCLUSIVE MODE
2026-05-14 15:47:22.218 +03:00 [INF] Executed DbCommand (0ms) [Parameters=[], CommandType='"Text"', CommandTimeout='30']
ALTER TABLE "Ideas" ADD "Category" character varying(50);
2026-05-14 15:47:22.218 +03:00 [INF] Executed DbCommand (0ms) [Parameters=[], CommandType='"Text"', CommandTimeout='30']
ALTER TABLE "Ideas" ADD "CategoryData" text;
2026-05-14 15:47:22.219 +03:00 [INF] Executed DbCommand (1ms) [Parameters=[], CommandType='"Text"', CommandTimeout='30']
CREATE INDEX "IX_Ideas_Category" ON "Ideas" ("Category");
2026-05-14 15:47:22.220 +03:00 [INF] Executed DbCommand (0ms) [Parameters=[], CommandType='"Text"', CommandTimeout='30']
INSERT INTO "__EFMigrationsHistory" ("MigrationId", "ProductVersion")
VALUES ('20260514130000_AddIdeaCategoryFields', '10.0.8');
2026-05-14 15:47:22.226 +03:00 [INF] User profile is available. Using '/Users/talhapakdil/.aspnet/DataProtection-Keys' as key repository; keys will not be encrypted at rest.
2026-05-14 15:47:22.247 +03:00 [INF] Now listening on: http://localhost:5205
2026-05-14 15:47:22.247 +03:00 [INF] Application started. Press Ctrl+C to shut down.
2026-05-14 15:47:22.247 +03:00 [INF] Hosting environment: Development
2026-05-14 15:47:22.247 +03:00 [INF] Content root path: /Users/talhapakdil/Desktop/InnovatEPAM Portal/src/InnovatEPAM.Portal
2026-05-14 15:48:04.858 +03:00 [INF] Executed DbCommand (7ms) [Parameters=[], CommandType='"Text"', CommandTimeout='30']
SELECT "MigrationId", "ProductVersion"
FROM "__EFMigrationsHistory"
ORDER BY "MigrationId";
2026-05-14 15:48:04.932 +03:00 [INF] Executed DbCommand (1ms) [Parameters=[], CommandType='"Text"', CommandTimeout='30']
SELECT 1
2026-05-14 15:48:04.947 +03:00 [INF] Executed DbCommand (1ms) [Parameters=[], CommandType='"Text"', CommandTimeout='30']
CREATE TABLE IF NOT EXISTS "__EFMigrationsHistory" (
    "MigrationId" character varying(150) NOT NULL,
    "ProductVersion" character varying(32) NOT NULL,
    CONSTRAINT "PK___EFMigrationsHistory" PRIMARY KEY ("MigrationId")
);
2026-05-14 15:48:04.950 +03:00 [INF] Acquiring an exclusive lock for migration application. See https://aka.ms/efcore-docs-migrations-lock for more information if this takes too long.
2026-05-14 15:48:04.950 +03:00 [INF] Executed DbCommand (0ms) [Parameters=[], CommandType='"Text"', CommandTimeout='30']
LOCK TABLE "__EFMigrationsHistory" IN ACCESS EXCLUSIVE MODE
2026-05-14 15:48:04.950 +03:00 [INF] Executed DbCommand (0ms) [Parameters=[], CommandType='"Text"', CommandTimeout='30']
SELECT "MigrationId", "ProductVersion"
FROM "__EFMigrationsHistory"
ORDER BY "MigrationId";
2026-05-14 15:48:04.951 +03:00 [INF] No migrations were applied. The database is already up to date.
2026-05-14 15:48:04.957 +03:00 [INF] User profile is available. Using '/Users/talhapakdil/.aspnet/DataProtection-Keys' as key repository; keys will not be encrypted at rest.
2026-05-14 15:48:04.975 +03:00 [INF] Now listening on: http://localhost:5205
2026-05-14 15:48:04.975 +03:00 [INF] Application started. Press Ctrl+C to shut down.
2026-05-14 15:48:04.976 +03:00 [INF] Hosting environment: Development
2026-05-14 15:48:04.976 +03:00 [INF] Content root path: /Users/talhapakdil/Desktop/InnovatEPAM Portal/src/InnovatEPAM.Portal
2026-05-14 15:49:13.130 +03:00 [INF] Executed DbCommand (7ms) [Parameters=[], CommandType='"Text"', CommandTimeout='30']
SELECT "MigrationId", "ProductVersion"
FROM "__EFMigrationsHistory"
ORDER BY "MigrationId";
2026-05-14 15:49:13.205 +03:00 [INF] Executed DbCommand (1ms) [Parameters=[], CommandType='"Text"', CommandTimeout='30']
SELECT 1
2026-05-14 15:49:13.220 +03:00 [INF] Executed DbCommand (1ms) [Parameters=[], CommandType='"Text"', CommandTimeout='30']
CREATE TABLE IF NOT EXISTS "__EFMigrationsHistory" (
    "MigrationId" character varying(150) NOT NULL,
    "ProductVersion" character varying(32) NOT NULL,
    CONSTRAINT "PK___EFMigrationsHistory" PRIMARY KEY ("MigrationId")
);
2026-05-14 15:49:13.223 +03:00 [INF] Acquiring an exclusive lock for migration application. See https://aka.ms/efcore-docs-migrations-lock for more information if this takes too long.
2026-05-14 15:49:13.223 +03:00 [INF] Executed DbCommand (0ms) [Parameters=[], CommandType='"Text"', CommandTimeout='30']
LOCK TABLE "__EFMigrationsHistory" IN ACCESS EXCLUSIVE MODE
2026-05-14 15:49:13.223 +03:00 [INF] Executed DbCommand (0ms) [Parameters=[], CommandType='"Text"', CommandTimeout='30']
SELECT "MigrationId", "ProductVersion"
FROM "__EFMigrationsHistory"
ORDER BY "MigrationId";
2026-05-14 15:49:13.225 +03:00 [INF] No migrations were applied. The database is already up to date.
2026-05-14 15:49:13.230 +03:00 [INF] User profile is available. Using '/Users/talhapakdil/.aspnet/DataProtection-Keys' as key repository; keys will not be encrypted at rest.
2026-05-14 15:49:13.285 +03:00 [ERR] Hosting failed to start
System.IO.IOException: Failed to bind to address http://127.0.0.1:5205: address already in use.
 ---> Microsoft.AspNetCore.Connections.AddressInUseException: Address already in use
 ---> System.Net.Sockets.SocketException (48): Address already in use
   at System.Net.Sockets.Socket.UpdateStatusAfterSocketErrorAndThrowException(SocketError error, Boolean disconnectOnFailure, String callerName)
   at System.Net.Sockets.Socket.DoBind(EndPoint endPointSnapshot, SocketAddress socketAddress)
   at System.Net.Sockets.Socket.Bind(EndPoint localEP)
   at Microsoft.AspNetCore.Server.Kestrel.Transport.Sockets.SocketTransportOptions.CreateDefaultBoundListenSocket(EndPoint endpoint)
   at Microsoft.AspNetCore.Server.Kestrel.Transport.Sockets.SocketConnectionListener.Bind()
   --- End of inner exception stack trace ---
   at Microsoft.AspNetCore.Server.Kestrel.Transport.Sockets.SocketConnectionListener.Bind()
   at Microsoft.AspNetCore.Server.Kestrel.Transport.Sockets.SocketTransportFactory.BindAsync(EndPoint endpoint, CancellationToken cancellationToken)
   at Microsoft.AspNetCore.Server.Kestrel.Core.Internal.Infrastructure.TransportManager.BindAsync(EndPoint endPoint, ConnectionDelegate connectionDelegate, EndpointConfig endpointConfig, CancellationToken cancellationToken)
   at Microsoft.AspNetCore.Server.Kestrel.Core.KestrelServerImpl.<>c__DisplayClass28_0`1.<<StartAsync>g__OnBind|0>d.MoveNext()
--- End of stack trace from previous location ---
   at Microsoft.AspNetCore.Server.Kestrel.Core.Internal.AddressBinder.BindEndpointAsync(ListenOptions endpoint, AddressBindContext context, CancellationToken cancellationToken)
   --- End of inner exception stack trace ---
   at Microsoft.AspNetCore.Server.Kestrel.Core.Internal.AddressBinder.BindEndpointAsync(ListenOptions endpoint, AddressBindContext context, CancellationToken cancellationToken)
   at Microsoft.AspNetCore.Server.Kestrel.Core.LocalhostListenOptions.BindAsync(AddressBindContext context, CancellationToken cancellationToken)
   at Microsoft.AspNetCore.Server.Kestrel.Core.Internal.AddressBinder.AddressesStrategy.BindAsync(AddressBindContext context, CancellationToken cancellationToken)
   at Microsoft.AspNetCore.Server.Kestrel.Core.KestrelServerImpl.BindAsync(CancellationToken cancellationToken)
   at Microsoft.AspNetCore.Server.Kestrel.Core.KestrelServerImpl.StartAsync[TContext](IHttpApplication`1 application, CancellationToken cancellationToken)
   at Microsoft.AspNetCore.Hosting.GenericWebHostService.StartAsync(CancellationToken cancellationToken)
   at Microsoft.Extensions.Hosting.Internal.Host.<StartAsync>b__14_1(IHostedService service, CancellationToken token)
   at Microsoft.Extensions.Hosting.Internal.Host.ForeachService[T](IEnumerable`1 services, CancellationToken token, Boolean concurrent, Boolean abortOnFirstException, List`1 exceptions, Func`3 operation)
2026-05-14 15:50:16.696 +03:00 [INF] Executed DbCommand (6ms) [Parameters=[], CommandType='"Text"', CommandTimeout='30']
SELECT "MigrationId", "ProductVersion"
FROM "__EFMigrationsHistory"
ORDER BY "MigrationId";
2026-05-14 15:50:16.769 +03:00 [INF] Executed DbCommand (1ms) [Parameters=[], CommandType='"Text"', CommandTimeout='30']
SELECT 1
2026-05-14 15:50:16.784 +03:00 [INF] Executed DbCommand (1ms) [Parameters=[], CommandType='"Text"', CommandTimeout='30']
CREATE TABLE IF NOT EXISTS "__EFMigrationsHistory" (
    "MigrationId" character varying(150) NOT NULL,
    "ProductVersion" character varying(32) NOT NULL,
    CONSTRAINT "PK___EFMigrationsHistory" PRIMARY KEY ("MigrationId")
);
2026-05-14 15:50:16.786 +03:00 [INF] Acquiring an exclusive lock for migration application. See https://aka.ms/efcore-docs-migrations-lock for more information if this takes too long.
2026-05-14 15:50:16.787 +03:00 [INF] Executed DbCommand (0ms) [Parameters=[], CommandType='"Text"', CommandTimeout='30']
LOCK TABLE "__EFMigrationsHistory" IN ACCESS EXCLUSIVE MODE
2026-05-14 15:50:16.787 +03:00 [INF] Executed DbCommand (0ms) [Parameters=[], CommandType='"Text"', CommandTimeout='30']
SELECT "MigrationId", "ProductVersion"
FROM "__EFMigrationsHistory"
ORDER BY "MigrationId";
2026-05-14 15:50:16.788 +03:00 [INF] No migrations were applied. The database is already up to date.
2026-05-14 15:50:16.793 +03:00 [INF] User profile is available. Using '/Users/talhapakdil/.aspnet/DataProtection-Keys' as key repository; keys will not be encrypted at rest.
2026-05-14 15:50:16.808 +03:00 [INF] Now listening on: http://localhost:5205
2026-05-14 15:50:16.809 +03:00 [INF] Application started. Press Ctrl+C to shut down.
2026-05-14 15:50:16.809 +03:00 [INF] Hosting environment: Development
2026-05-14 15:50:16.809 +03:00 [INF] Content root path: /Users/talhapakdil/Desktop/InnovatEPAM Portal/src/InnovatEPAM.Portal
2026-05-14 15:50:22.000 +03:00 [INF] Request starting HTTP/1.1 GET http://localhost:5205/ - null null
2026-05-14 15:50:22.002 +03:00 [WRN] Failed to determine the https port for redirect.
2026-05-14 15:50:22.018 +03:00 [INF] Executing endpoint 'InnovatEPAM.Portal.Controllers.HomeController.Index (InnovatEPAM.Portal)'
2026-05-14 15:50:22.023 +03:00 [INF] Route matched with {action = "Index", controller = "Home"}. Executing controller action with signature Microsoft.AspNetCore.Mvc.IActionResult Index() on controller InnovatEPAM.Portal.Controllers.HomeController (InnovatEPAM.Portal).
2026-05-14 15:50:22.026 +03:00 [INF] Executing RedirectResult, redirecting to /Auth/Login.
2026-05-14 15:50:22.028 +03:00 [INF] Executed action InnovatEPAM.Portal.Controllers.HomeController.Index (InnovatEPAM.Portal) in 4.017ms
2026-05-14 15:50:22.028 +03:00 [INF] Executed endpoint 'InnovatEPAM.Portal.Controllers.HomeController.Index (InnovatEPAM.Portal)'
2026-05-14 15:50:22.033 +03:00 [INF] Request finished HTTP/1.1 GET http://localhost:5205/ - 302 0 null 34.3726ms
2026-05-14 15:50:22.035 +03:00 [INF] Request starting HTTP/1.1 GET http://localhost:5205/Auth/Login - null null
2026-05-14 15:50:22.036 +03:00 [INF] Executing endpoint 'InnovatEPAM.Portal.Controllers.AuthController.Login (InnovatEPAM.Portal)'
2026-05-14 15:50:22.041 +03:00 [INF] Route matched with {action = "Login", controller = "Auth"}. Executing controller action with signature Microsoft.AspNetCore.Mvc.IActionResult Login(System.String) on controller InnovatEPAM.Portal.Controllers.AuthController (InnovatEPAM.Portal).
2026-05-14 15:50:22.051 +03:00 [INF] Executing ViewResult, running view Login.
2026-05-14 15:50:22.155 +03:00 [INF] Executed ViewResult - view Login executed in 105.003ms.
2026-05-14 15:50:22.155 +03:00 [INF] Executed action InnovatEPAM.Portal.Controllers.AuthController.Login (InnovatEPAM.Portal) in 113.9649ms
2026-05-14 15:50:22.155 +03:00 [INF] Executed endpoint 'InnovatEPAM.Portal.Controllers.AuthController.Login (InnovatEPAM.Portal)'
2026-05-14 15:50:22.156 +03:00 [INF] Request finished HTTP/1.1 GET http://localhost:5205/Auth/Login - 200 null text/html; charset=utf-8 121.0806ms
2026-05-14 15:50:22.165 +03:00 [INF] Request starting HTTP/1.1 GET http://localhost:5205/css/site.css?v=j6fhJSuuyLpOSLuPJU0TsDV0iNjor5S3rDnvxJrt4bg - null null
2026-05-14 15:50:22.165 +03:00 [INF] Request starting HTTP/1.1 GET http://localhost:5205/js/site.js?v=hRQyftXiu1lLX2P9Ly9xa4gHJgLeR1uGN5qegUobtGo - null null
2026-05-14 15:50:22.171 +03:00 [INF] Sending file. Request path: '/css/site.css'. Physical path: '/Users/talhapakdil/Desktop/InnovatEPAM Portal/src/InnovatEPAM.Portal/wwwroot/css/site.css'
2026-05-14 15:50:22.171 +03:00 [INF] Sending file. Request path: '/js/site.js'. Physical path: '/Users/talhapakdil/Desktop/InnovatEPAM Portal/src/InnovatEPAM.Portal/wwwroot/js/site.js'
2026-05-14 15:50:22.171 +03:00 [INF] Request finished HTTP/1.1 GET http://localhost:5205/css/site.css?v=j6fhJSuuyLpOSLuPJU0TsDV0iNjor5S3rDnvxJrt4bg - 200 667 text/css 6.6575ms
2026-05-14 15:50:22.171 +03:00 [INF] Request finished HTTP/1.1 GET http://localhost:5205/js/site.js?v=hRQyftXiu1lLX2P9Ly9xa4gHJgLeR1uGN5qegUobtGo - 200 231 text/javascript 6.6969ms
2026-05-14 15:50:22.830 +03:00 [INF] Request starting HTTP/1.1 GET http://localhost:5205/favicon.ico - null null
2026-05-14 15:50:22.833 +03:00 [INF] Sending file. Request path: '/favicon.ico'. Physical path: '/Users/talhapakdil/Desktop/InnovatEPAM Portal/src/InnovatEPAM.Portal/wwwroot/favicon.ico'
2026-05-14 15:50:22.834 +03:00 [INF] Request finished HTTP/1.1 GET http://localhost:5205/favicon.ico - 200 5430 image/x-icon 4.7345ms
2026-05-14 15:50:26.096 +03:00 [INF] Request starting HTTP/1.1 GET http://localhost:5205/Auth/Login - null null
2026-05-14 15:50:26.101 +03:00 [INF] Executing endpoint 'InnovatEPAM.Portal.Controllers.AuthController.Login (InnovatEPAM.Portal)'
2026-05-14 15:50:26.102 +03:00 [INF] Route matched with {action = "Login", controller = "Auth"}. Executing controller action with signature Microsoft.AspNetCore.Mvc.IActionResult Login(System.String) on controller InnovatEPAM.Portal.Controllers.AuthController (InnovatEPAM.Portal).
2026-05-14 15:50:26.109 +03:00 [INF] Executing ViewResult, running view Login.
2026-05-14 15:50:26.118 +03:00 [INF] Executed ViewResult - view Login executed in 8.8596ms.
2026-05-14 15:50:26.118 +03:00 [INF] Executed action InnovatEPAM.Portal.Controllers.AuthController.Login (InnovatEPAM.Portal) in 16.5181ms
2026-05-14 15:50:26.119 +03:00 [INF] Executed endpoint 'InnovatEPAM.Portal.Controllers.AuthController.Login (InnovatEPAM.Portal)'
2026-05-14 15:50:26.119 +03:00 [INF] Request finished HTTP/1.1 GET http://localhost:5205/Auth/Login - 200 null text/html; charset=utf-8 23.6024ms
2026-05-14 15:50:26.688 +03:00 [INF] Request starting HTTP/1.1 GET http://localhost:5205/Auth/Register - null null
2026-05-14 15:50:26.689 +03:00 [INF] Executing endpoint 'InnovatEPAM.Portal.Controllers.AuthController.Register (InnovatEPAM.Portal)'
2026-05-14 15:50:26.691 +03:00 [INF] Route matched with {action = "Register", controller = "Auth"}. Executing controller action with signature Microsoft.AspNetCore.Mvc.IActionResult Register() on controller InnovatEPAM.Portal.Controllers.AuthController (InnovatEPAM.Portal).
2026-05-14 15:50:26.701 +03:00 [INF] Executing ViewResult, running view Register.
2026-05-14 15:50:26.715 +03:00 [INF] Executed ViewResult - view Register executed in 14.6729ms.
2026-05-14 15:50:26.715 +03:00 [INF] Executed action InnovatEPAM.Portal.Controllers.AuthController.Register (InnovatEPAM.Portal) in 24.5953ms
2026-05-14 15:50:26.715 +03:00 [INF] Executed endpoint 'InnovatEPAM.Portal.Controllers.AuthController.Register (InnovatEPAM.Portal)'
2026-05-14 15:50:26.716 +03:00 [INF] Request finished HTTP/1.1 GET http://localhost:5205/Auth/Register - 200 null text/html; charset=utf-8 27.136ms
2026-05-14 15:50:51.996 +03:00 [INF] Request starting HTTP/1.1 POST http://localhost:5205/Auth/Register - application/x-www-form-urlencoded 301
2026-05-14 15:50:51.997 +03:00 [INF] Executing endpoint 'InnovatEPAM.Portal.Controllers.AuthController.Register (InnovatEPAM.Portal)'
2026-05-14 15:50:52.007 +03:00 [INF] Route matched with {action = "Register", controller = "Auth"}. Executing controller action with signature System.Threading.Tasks.Task`1[Microsoft.AspNetCore.Mvc.IActionResult] Register(InnovatEPAM.Portal.ViewModels.RegisterViewModel) on controller InnovatEPAM.Portal.Controllers.AuthController (InnovatEPAM.Portal).
2026-05-14 15:50:52.045 +03:00 [INF] Executing ViewResult, running view Register.
2026-05-14 15:50:52.046 +03:00 [INF] Executed ViewResult - view Register executed in 1.3725ms.
2026-05-14 15:50:52.047 +03:00 [INF] Executed action InnovatEPAM.Portal.Controllers.AuthController.Register (InnovatEPAM.Portal) in 39.7602ms
2026-05-14 15:50:52.047 +03:00 [INF] Executed endpoint 'InnovatEPAM.Portal.Controllers.AuthController.Register (InnovatEPAM.Portal)'
2026-05-14 15:50:52.047 +03:00 [INF] Request finished HTTP/1.1 POST http://localhost:5205/Auth/Register - 200 null text/html; charset=utf-8 51.0063ms
2026-05-14 15:51:08.600 +03:00 [INF] Request starting HTTP/1.1 POST http://localhost:5205/Auth/Register - application/x-www-form-urlencoded 301
2026-05-14 15:51:08.601 +03:00 [INF] Executing endpoint 'InnovatEPAM.Portal.Controllers.AuthController.Register (InnovatEPAM.Portal)'
2026-05-14 15:51:08.601 +03:00 [INF] Route matched with {action = "Register", controller = "Auth"}. Executing controller action with signature System.Threading.Tasks.Task`1[Microsoft.AspNetCore.Mvc.IActionResult] Register(InnovatEPAM.Portal.ViewModels.RegisterViewModel) on controller InnovatEPAM.Portal.Controllers.AuthController (InnovatEPAM.Portal).
2026-05-14 15:51:08.757 +03:00 [INF] Executed DbCommand (7ms) [Parameters=[@normalizedUserName='?'], CommandType='"Text"', CommandTimeout='30']
SELECT u."Id", u."AccessFailedCount", u."ConcurrencyStamp", u."CreatedDate", u."Email", u."EmailConfirmed", u."FirstName", u."LastName", u."LockoutEnabled", u."LockoutEnd", u."NormalizedEmail", u."NormalizedUserName", u."PasswordHash", u."PhoneNumber", u."PhoneNumberConfirmed", u."SecurityStamp", u."TwoFactorEnabled", u."UserName"
FROM "Users" AS u
WHERE u."NormalizedUserName" = @normalizedUserName
LIMIT 1
2026-05-14 15:51:08.806 +03:00 [INF] Executed DbCommand (4ms) [Parameters=[@p0='?' (DbType = Guid), @p1='?' (DbType = Int32), @p2='?', @p3='?' (DbType = DateTime), @p4='?', @p5='?' (DbType = Boolean), @p6='?', @p7='?', @p8='?' (DbType = Boolean), @p9='?' (DbType = DateTime), @p10='?', @p11='?', @p12='?', @p13='?', @p14='?' (DbType = Boolean), @p15='?', @p16='?' (DbType = Boolean), @p17='?'], CommandType='"Text"', CommandTimeout='30']
INSERT INTO "Users" ("Id", "AccessFailedCount", "ConcurrencyStamp", "CreatedDate", "Email", "EmailConfirmed", "FirstName", "LastName", "LockoutEnabled", "LockoutEnd", "NormalizedEmail", "NormalizedUserName", "PasswordHash", "PhoneNumber", "PhoneNumberConfirmed", "SecurityStamp", "TwoFactorEnabled", "UserName")
VALUES (@p0, @p1, @p2, @p3, @p4, @p5, @p6, @p7, @p8, @p9, @p10, @p11, @p12, @p13, @p14, @p15, @p16, @p17);
2026-05-14 15:51:08.813 +03:00 [INF] Executed DbCommand (1ms) [Parameters=[@normalizedRoleName='?'], CommandType='"Text"', CommandTimeout='30']
SELECT r."Id", r."ConcurrencyStamp", r."Name", r."NormalizedName"
FROM "Roles" AS r
WHERE r."NormalizedName" = @normalizedRoleName
LIMIT 2
2026-05-14 15:51:08.834 +03:00 [INF] Executed DbCommand (1ms) [Parameters=[@p='?' (DbType = Guid), @p1='?' (DbType = Guid)], CommandType='"Text"', CommandTimeout='30']
SELECT u."UserId", u."RoleId"
FROM "UserRoles" AS u
WHERE u."UserId" = @p AND u."RoleId" = @p1
LIMIT 1
2026-05-14 15:51:08.836 +03:00 [INF] Executed DbCommand (0ms) [Parameters=[@normalizedRoleName='?'], CommandType='"Text"', CommandTimeout='30']
SELECT r."Id", r."ConcurrencyStamp", r."Name", r."NormalizedName"
FROM "Roles" AS r
WHERE r."NormalizedName" = @normalizedRoleName
LIMIT 2
2026-05-14 15:51:08.840 +03:00 [INF] Executed DbCommand (1ms) [Parameters=[@normalizedUserName='?'], CommandType='"Text"', CommandTimeout='30']
SELECT u."Id", u."AccessFailedCount", u."ConcurrencyStamp", u."CreatedDate", u."Email", u."EmailConfirmed", u."FirstName", u."LastName", u."LockoutEnabled", u."LockoutEnd", u."NormalizedEmail", u."NormalizedUserName", u."PasswordHash", u."PhoneNumber", u."PhoneNumberConfirmed", u."SecurityStamp", u."TwoFactorEnabled", u."UserName"
FROM "Users" AS u
WHERE u."NormalizedUserName" = @normalizedUserName
LIMIT 1
2026-05-14 15:51:08.850 +03:00 [INF] Executed DbCommand (3ms) [Parameters=[@p0='?' (DbType = Guid), @p1='?' (DbType = Guid), @p19='?' (DbType = Guid), @p2='?' (DbType = Int32), @p3='?', @p20='?', @p4='?' (DbType = DateTime), @p5='?', @p6='?' (DbType = Boolean), @p7='?', @p8='?', @p9='?' (DbType = Boolean), @p10='?' (DbType = DateTime), @p11='?', @p12='?', @p13='?', @p14='?', @p15='?' (DbType = Boolean), @p16='?', @p17='?' (DbType = Boolean), @p18='?'], CommandType='"Text"', CommandTimeout='30']
INSERT INTO "UserRoles" ("RoleId", "UserId")
VALUES (@p0, @p1);
UPDATE "Users" SET "AccessFailedCount" = @p2, "ConcurrencyStamp" = @p3, "CreatedDate" = @p4, "Email" = @p5, "EmailConfirmed" = @p6, "FirstName" = @p7, "LastName" = @p8, "LockoutEnabled" = @p9, "LockoutEnd" = @p10, "NormalizedEmail" = @p11, "NormalizedUserName" = @p12, "PasswordHash" = @p13, "PhoneNumber" = @p14, "PhoneNumberConfirmed" = @p15, "SecurityStamp" = @p16, "TwoFactorEnabled" = @p17, "UserName" = @p18
WHERE "Id" = @p19 AND "ConcurrencyStamp" = @p20;
2026-05-14 15:51:08.852 +03:00 [INF] New user registered: pakdilhande46@gmail.com
2026-05-14 15:51:08.853 +03:00 [INF] Executing RedirectResult, redirecting to /Auth/Login.
2026-05-14 15:51:08.853 +03:00 [INF] Executed action InnovatEPAM.Portal.Controllers.AuthController.Register (InnovatEPAM.Portal) in 252.4015ms
2026-05-14 15:51:08.853 +03:00 [INF] Executed endpoint 'InnovatEPAM.Portal.Controllers.AuthController.Register (InnovatEPAM.Portal)'
2026-05-14 15:51:08.854 +03:00 [INF] Request finished HTTP/1.1 POST http://localhost:5205/Auth/Register - 302 0 null 254.5773ms
2026-05-14 15:51:08.856 +03:00 [INF] Request starting HTTP/1.1 GET http://localhost:5205/Auth/Login - null null
2026-05-14 15:51:08.856 +03:00 [INF] Executing endpoint 'InnovatEPAM.Portal.Controllers.AuthController.Login (InnovatEPAM.Portal)'
2026-05-14 15:51:08.856 +03:00 [INF] Route matched with {action = "Login", controller = "Auth"}. Executing controller action with signature Microsoft.AspNetCore.Mvc.IActionResult Login(System.String) on controller InnovatEPAM.Portal.Controllers.AuthController (InnovatEPAM.Portal).
2026-05-14 15:51:08.857 +03:00 [INF] Executing ViewResult, running view Login.
2026-05-14 15:51:08.858 +03:00 [INF] Executed ViewResult - view Login executed in 1.1424ms.
2026-05-14 15:51:08.858 +03:00 [INF] Executed action InnovatEPAM.Portal.Controllers.AuthController.Login (InnovatEPAM.Portal) in 1.375ms
2026-05-14 15:51:08.858 +03:00 [INF] Executed endpoint 'InnovatEPAM.Portal.Controllers.AuthController.Login (InnovatEPAM.Portal)'
2026-05-14 15:51:08.858 +03:00 [INF] Request finished HTTP/1.1 GET http://localhost:5205/Auth/Login - 200 null text/html; charset=utf-8 1.779ms
2026-05-14 15:51:15.543 +03:00 [INF] Request starting HTTP/1.1 POST http://localhost:5205/Auth/Login - application/x-www-form-urlencoded 266
2026-05-14 15:51:15.545 +03:00 [INF] Executing endpoint 'InnovatEPAM.Portal.Controllers.AuthController.Login (InnovatEPAM.Portal)'
2026-05-14 15:51:15.553 +03:00 [INF] Route matched with {action = "Login", controller = "Auth"}. Executing controller action with signature System.Threading.Tasks.Task`1[Microsoft.AspNetCore.Mvc.IActionResult] Login(InnovatEPAM.Portal.ViewModels.LoginViewModel, System.String) on controller InnovatEPAM.Portal.Controllers.AuthController (InnovatEPAM.Portal).
2026-05-14 15:51:15.596 +03:00 [INF] Executed DbCommand (1ms) [Parameters=[@normalizedUserName='?'], CommandType='"Text"', CommandTimeout='30']
SELECT u."Id", u."AccessFailedCount", u."ConcurrencyStamp", u."CreatedDate", u."Email", u."EmailConfirmed", u."FirstName", u."LastName", u."LockoutEnabled", u."LockoutEnd", u."NormalizedEmail", u."NormalizedUserName", u."PasswordHash", u."PhoneNumber", u."PhoneNumberConfirmed", u."SecurityStamp", u."TwoFactorEnabled", u."UserName"
FROM "Users" AS u
WHERE u."NormalizedUserName" = @normalizedUserName
LIMIT 1
2026-05-14 15:51:15.646 +03:00 [INF] Executed DbCommand (2ms) [Parameters=[@user_Id='?' (DbType = Guid)], CommandType='"Text"', CommandTimeout='30']
SELECT u."Id", u."ClaimType", u."ClaimValue", u."UserId"
FROM "UserClaims" AS u
WHERE u."UserId" = @user_Id
2026-05-14 15:51:15.654 +03:00 [INF] Executed DbCommand (1ms) [Parameters=[@userId='?' (DbType = Guid)], CommandType='"Text"', CommandTimeout='30']
SELECT r."Name"
FROM "UserRoles" AS u
INNER JOIN "Roles" AS r ON u."RoleId" = r."Id"
WHERE u."UserId" = @userId
2026-05-14 15:51:15.657 +03:00 [INF] Executed DbCommand (0ms) [Parameters=[@normalizedName='?'], CommandType='"Text"', CommandTimeout='30']
SELECT r."Id", r."ConcurrencyStamp", r."Name", r."NormalizedName"
FROM "Roles" AS r
WHERE r."NormalizedName" = @normalizedName
LIMIT 1
2026-05-14 15:51:15.660 +03:00 [INF] Executed DbCommand (1ms) [Parameters=[@role_Id='?' (DbType = Guid)], CommandType='"Text"', CommandTimeout='30']
SELECT r."ClaimType", r."ClaimValue"
FROM "RoleClaims" AS r
WHERE r."RoleId" = @role_Id
2026-05-14 15:51:15.661 +03:00 [INF] AuthenticationScheme: Identity.Application signed in.
2026-05-14 15:51:15.661 +03:00 [INF] User logged in: pakdilhande46@gmail.com
2026-05-14 15:51:15.661 +03:00 [INF] Executing RedirectResult, redirecting to /Ideas.
2026-05-14 15:51:15.661 +03:00 [INF] Executed action InnovatEPAM.Portal.Controllers.AuthController.Login (InnovatEPAM.Portal) in 108.1717ms
2026-05-14 15:51:15.661 +03:00 [INF] Executed endpoint 'InnovatEPAM.Portal.Controllers.AuthController.Login (InnovatEPAM.Portal)'
2026-05-14 15:51:15.662 +03:00 [INF] Request finished HTTP/1.1 POST http://localhost:5205/Auth/Login - 302 0 null 118.0576ms
2026-05-14 15:51:15.664 +03:00 [INF] Request starting HTTP/1.1 GET http://localhost:5205/Ideas - null null
2026-05-14 15:51:15.666 +03:00 [INF] Executing endpoint 'InnovatEPAM.Portal.Controllers.IdeasController.Index (InnovatEPAM.Portal)'
2026-05-14 15:51:15.668 +03:00 [INF] Route matched with {action = "Index", controller = "Ideas"}. Executing controller action with signature System.Threading.Tasks.Task`1[Microsoft.AspNetCore.Mvc.IActionResult] Index(System.String) on controller InnovatEPAM.Portal.Controllers.IdeasController (InnovatEPAM.Portal).
2026-05-14 15:51:15.689 +03:00 [WRN] You do not have a valid license key for the Lucky Penny software AutoMapper. This is allowed for development and testing scenarios. If you are running in production you are required to have a licensed version. Please visit https://luckypennysoftware.com to obtain a valid license.
2026-05-14 15:51:15.704 +03:00 [INF] Executed DbCommand (4ms) [Parameters=[@submitterId='?' (DbType = Guid)], CommandType='"Text"', CommandTimeout='30']
SELECT i."Id", i."Category", i."CategoryData", i."CreatedDate", i."Description", i."LastModifiedByAdminId", i."LastModifiedDate", i."Status", i."SubmitterId", i."Title", u."Id", u."AccessFailedCount", u."ConcurrencyStamp", u."CreatedDate", u."Email", u."EmailConfirmed", u."FirstName", u."LastName", u."LockoutEnabled", u."LockoutEnd", u."NormalizedEmail", u."NormalizedUserName", u."PasswordHash", u."PhoneNumber", u."PhoneNumberConfirmed", u."SecurityStamp", u."TwoFactorEnabled", u."UserName"
FROM "Ideas" AS i
INNER JOIN "Users" AS u ON i."SubmitterId" = u."Id"
WHERE i."SubmitterId" = @submitterId
ORDER BY i."CreatedDate" DESC
2026-05-14 15:51:15.708 +03:00 [INF] Executing ViewResult, running view Index.
2026-05-14 15:51:15.713 +03:00 [INF] Executed ViewResult - view Index executed in 4.2837ms.
2026-05-14 15:51:15.713 +03:00 [INF] Executed action InnovatEPAM.Portal.Controllers.IdeasController.Index (InnovatEPAM.Portal) in 44.7539ms
2026-05-14 15:51:15.713 +03:00 [INF] Executed endpoint 'InnovatEPAM.Portal.Controllers.IdeasController.Index (InnovatEPAM.Portal)'
2026-05-14 15:51:15.713 +03:00 [INF] Request finished HTTP/1.1 GET http://localhost:5205/Ideas - 200 null text/html; charset=utf-8 48.9759ms
2026-05-14 15:51:20.751 +03:00 [INF] Request starting HTTP/1.1 GET http://localhost:5205/Ideas - null null
2026-05-14 15:51:20.755 +03:00 [INF] Executing endpoint 'InnovatEPAM.Portal.Controllers.IdeasController.Index (InnovatEPAM.Portal)'
2026-05-14 15:51:20.755 +03:00 [INF] Route matched with {action = "Index", controller = "Ideas"}. Executing controller action with signature System.Threading.Tasks.Task`1[Microsoft.AspNetCore.Mvc.IActionResult] Index(System.String) on controller InnovatEPAM.Portal.Controllers.IdeasController (InnovatEPAM.Portal).
2026-05-14 15:51:20.760 +03:00 [INF] Executed DbCommand (1ms) [Parameters=[@submitterId='?' (DbType = Guid)], CommandType='"Text"', CommandTimeout='30']
SELECT i."Id", i."Category", i."CategoryData", i."CreatedDate", i."Description", i."LastModifiedByAdminId", i."LastModifiedDate", i."Status", i."SubmitterId", i."Title", u."Id", u."AccessFailedCount", u."ConcurrencyStamp", u."CreatedDate", u."Email", u."EmailConfirmed", u."FirstName", u."LastName", u."LockoutEnabled", u."LockoutEnd", u."NormalizedEmail", u."NormalizedUserName", u."PasswordHash", u."PhoneNumber", u."PhoneNumberConfirmed", u."SecurityStamp", u."TwoFactorEnabled", u."UserName"
FROM "Ideas" AS i
INNER JOIN "Users" AS u ON i."SubmitterId" = u."Id"
WHERE i."SubmitterId" = @submitterId
ORDER BY i."CreatedDate" DESC
2026-05-14 15:51:20.761 +03:00 [INF] Executing ViewResult, running view Index.
2026-05-14 15:51:20.763 +03:00 [INF] Executed ViewResult - view Index executed in 2.0701ms.
2026-05-14 15:51:20.763 +03:00 [INF] Executed action InnovatEPAM.Portal.Controllers.IdeasController.Index (InnovatEPAM.Portal) in 8.0615ms
2026-05-14 15:51:20.763 +03:00 [INF] Executed endpoint 'InnovatEPAM.Portal.Controllers.IdeasController.Index (InnovatEPAM.Portal)'
2026-05-14 15:51:20.764 +03:00 [INF] Request finished HTTP/1.1 GET http://localhost:5205/Ideas - 200 null text/html; charset=utf-8 12.5572ms
2026-05-14 15:51:23.192 +03:00 [INF] Request starting HTTP/1.1 GET http://localhost:5205/Ideas/Create - null null
2026-05-14 15:51:23.198 +03:00 [INF] Executing endpoint 'InnovatEPAM.Portal.Controllers.IdeasController.Create (InnovatEPAM.Portal)'
2026-05-14 15:51:23.200 +03:00 [INF] Route matched with {action = "Create", controller = "Ideas"}. Executing controller action with signature Microsoft.AspNetCore.Mvc.IActionResult Create() on controller InnovatEPAM.Portal.Controllers.IdeasController (InnovatEPAM.Portal).
2026-05-14 15:51:23.204 +03:00 [INF] Executing ViewResult, running view Create.
2026-05-14 15:51:23.237 +03:00 [INF] Executed ViewResult - view Create executed in 33.5739ms.
2026-05-14 15:51:23.237 +03:00 [INF] Executed action InnovatEPAM.Portal.Controllers.IdeasController.Create (InnovatEPAM.Portal) in 36.953ms
2026-05-14 15:51:23.237 +03:00 [INF] Executed endpoint 'InnovatEPAM.Portal.Controllers.IdeasController.Create (InnovatEPAM.Portal)'
2026-05-14 15:51:23.237 +03:00 [INF] Request finished HTTP/1.1 GET http://localhost:5205/Ideas/Create - 200 null text/html; charset=utf-8 45.733ms
2026-05-14 15:51:23.248 +03:00 [INF] Request starting HTTP/1.1 GET http://localhost:5205/lib/jquery-validation/dist/jquery.validate.min.js - null null
2026-05-14 15:51:23.248 +03:00 [INF] Request starting HTTP/1.1 GET http://localhost:5205/lib/jquery-validation-unobtrusive/dist/jquery.validate.unobtrusive.min.js - null null
2026-05-14 15:51:23.249 +03:00 [INF] Request starting HTTP/1.1 GET http://localhost:5205/js/category-form.js?v=nG8W0xztH1tquHZ8i3mY5fa49J-a9-8zuvQh19m1JYA - null null
2026-05-14 15:51:23.249 +03:00 [INF] Sending file. Request path: '/lib/jquery-validation-unobtrusive/dist/jquery.validate.unobtrusive.min.js'. Physical path: '/Users/talhapakdil/Desktop/InnovatEPAM Portal/src/InnovatEPAM.Portal/wwwroot/lib/jquery-validation-unobtrusive/dist/jquery.validate.unobtrusive.min.js'
2026-05-14 15:51:23.249 +03:00 [INF] Request finished HTTP/1.1 GET http://localhost:5205/lib/jquery-validation-unobtrusive/dist/jquery.validate.unobtrusive.min.js - 200 5824 text/javascript 0.9607ms
2026-05-14 15:51:23.250 +03:00 [INF] Sending file. Request path: '/lib/jquery-validation/dist/jquery.validate.min.js'. Physical path: '/Users/talhapakdil/Desktop/InnovatEPAM Portal/src/InnovatEPAM.Portal/wwwroot/lib/jquery-validation/dist/jquery.validate.min.js'
2026-05-14 15:51:23.250 +03:00 [INF] Sending file. Request path: '/js/category-form.js'. Physical path: '/Users/talhapakdil/Desktop/InnovatEPAM Portal/src/InnovatEPAM.Portal/wwwroot/js/category-form.js'
2026-05-14 15:51:23.250 +03:00 [INF] Request finished HTTP/1.1 GET http://localhost:5205/lib/jquery-validation/dist/jquery.validate.min.js - 200 25308 text/javascript 1.5674ms
2026-05-14 15:51:23.250 +03:00 [INF] Request finished HTTP/1.1 GET http://localhost:5205/js/category-form.js?v=nG8W0xztH1tquHZ8i3mY5fa49J-a9-8zuvQh19m1JYA - 200 1243 text/javascript 0.5241ms
2026-05-14 15:51:26.371 +03:00 [INF] Request starting HTTP/1.1 GET http://localhost:5205/Ideas?statusFilter= - null null
2026-05-14 15:51:26.373 +03:00 [INF] Executing endpoint 'InnovatEPAM.Portal.Controllers.IdeasController.Index (InnovatEPAM.Portal)'
2026-05-14 15:51:26.373 +03:00 [INF] Route matched with {action = "Index", controller = "Ideas"}. Executing controller action with signature System.Threading.Tasks.Task`1[Microsoft.AspNetCore.Mvc.IActionResult] Index(System.String) on controller InnovatEPAM.Portal.Controllers.IdeasController (InnovatEPAM.Portal).
2026-05-14 15:51:26.378 +03:00 [INF] Executed DbCommand (1ms) [Parameters=[@submitterId='?' (DbType = Guid)], CommandType='"Text"', CommandTimeout='30']
SELECT i."Id", i."Category", i."CategoryData", i."CreatedDate", i."Description", i."LastModifiedByAdminId", i."LastModifiedDate", i."Status", i."SubmitterId", i."Title", u."Id", u."AccessFailedCount", u."ConcurrencyStamp", u."CreatedDate", u."Email", u."EmailConfirmed", u."FirstName", u."LastName", u."LockoutEnabled", u."LockoutEnd", u."NormalizedEmail", u."NormalizedUserName", u."PasswordHash", u."PhoneNumber", u."PhoneNumberConfirmed", u."SecurityStamp", u."TwoFactorEnabled", u."UserName"
FROM "Ideas" AS i
INNER JOIN "Users" AS u ON i."SubmitterId" = u."Id"
WHERE i."SubmitterId" = @submitterId
ORDER BY i."CreatedDate" DESC
2026-05-14 15:51:26.378 +03:00 [INF] Executing ViewResult, running view Index.
2026-05-14 15:51:26.381 +03:00 [INF] Executed ViewResult - view Index executed in 2.473ms.
2026-05-14 15:51:26.381 +03:00 [INF] Executed action InnovatEPAM.Portal.Controllers.IdeasController.Index (InnovatEPAM.Portal) in 7.8135ms
2026-05-14 15:51:26.381 +03:00 [INF] Executed endpoint 'InnovatEPAM.Portal.Controllers.IdeasController.Index (InnovatEPAM.Portal)'
2026-05-14 15:51:26.382 +03:00 [INF] Request finished HTTP/1.1 GET http://localhost:5205/Ideas?statusFilter= - 200 null text/html; charset=utf-8 10.1645ms
2026-05-14 15:51:27.246 +03:00 [INF] Request starting HTTP/1.1 GET http://localhost:5205/ - null null
2026-05-14 15:51:27.248 +03:00 [INF] Executing endpoint 'InnovatEPAM.Portal.Controllers.HomeController.Index (InnovatEPAM.Portal)'
2026-05-14 15:51:27.248 +03:00 [INF] Route matched with {action = "Index", controller = "Home"}. Executing controller action with signature Microsoft.AspNetCore.Mvc.IActionResult Index() on controller InnovatEPAM.Portal.Controllers.HomeController (InnovatEPAM.Portal).
2026-05-14 15:51:27.249 +03:00 [INF] Executing RedirectResult, redirecting to /Ideas.
2026-05-14 15:51:27.249 +03:00 [INF] Executed action InnovatEPAM.Portal.Controllers.HomeController.Index (InnovatEPAM.Portal) in 0.4662ms
2026-05-14 15:51:27.249 +03:00 [INF] Executed endpoint 'InnovatEPAM.Portal.Controllers.HomeController.Index (InnovatEPAM.Portal)'
2026-05-14 15:51:27.249 +03:00 [INF] Request finished HTTP/1.1 GET http://localhost:5205/ - 302 0 null 3.0526ms
2026-05-14 15:51:27.254 +03:00 [INF] Request starting HTTP/1.1 GET http://localhost:5205/Ideas - null null
2026-05-14 15:51:27.255 +03:00 [INF] Executing endpoint 'InnovatEPAM.Portal.Controllers.IdeasController.Index (InnovatEPAM.Portal)'
2026-05-14 15:51:27.255 +03:00 [INF] Route matched with {action = "Index", controller = "Ideas"}. Executing controller action with signature System.Threading.Tasks.Task`1[Microsoft.AspNetCore.Mvc.IActionResult] Index(System.String) on controller InnovatEPAM.Portal.Controllers.IdeasController (InnovatEPAM.Portal).
2026-05-14 15:51:27.257 +03:00 [INF] Executed DbCommand (1ms) [Parameters=[@submitterId='?' (DbType = Guid)], CommandType='"Text"', CommandTimeout='30']
SELECT i."Id", i."Category", i."CategoryData", i."CreatedDate", i."Description", i."LastModifiedByAdminId", i."LastModifiedDate", i."Status", i."SubmitterId", i."Title", u."Id", u."AccessFailedCount", u."ConcurrencyStamp", u."CreatedDate", u."Email", u."EmailConfirmed", u."FirstName", u."LastName", u."LockoutEnabled", u."LockoutEnd", u."NormalizedEmail", u."NormalizedUserName", u."PasswordHash", u."PhoneNumber", u."PhoneNumberConfirmed", u."SecurityStamp", u."TwoFactorEnabled", u."UserName"
FROM "Ideas" AS i
INNER JOIN "Users" AS u ON i."SubmitterId" = u."Id"
WHERE i."SubmitterId" = @submitterId
ORDER BY i."CreatedDate" DESC
2026-05-14 15:51:27.258 +03:00 [INF] Executing ViewResult, running view Index.
2026-05-14 15:51:27.258 +03:00 [INF] Executed ViewResult - view Index executed in 0.8352ms.
2026-05-14 15:51:27.259 +03:00 [INF] Executed action InnovatEPAM.Portal.Controllers.IdeasController.Index (InnovatEPAM.Portal) in 3.2595ms
2026-05-14 15:51:27.259 +03:00 [INF] Executed endpoint 'InnovatEPAM.Portal.Controllers.IdeasController.Index (InnovatEPAM.Portal)'
2026-05-14 15:51:27.259 +03:00 [INF] Request finished HTTP/1.1 GET http://localhost:5205/Ideas - 200 null text/html; charset=utf-8 5.1192ms
2026-05-14 15:51:28.504 +03:00 [INF] Request starting HTTP/1.1 GET http://localhost:5205/Auth/Logout - null null
2026-05-14 15:51:28.506 +03:00 [INF] Executing endpoint 'InnovatEPAM.Portal.Controllers.AuthController.Logout (InnovatEPAM.Portal)'
2026-05-14 15:51:28.513 +03:00 [INF] Route matched with {action = "Logout", controller = "Auth"}. Executing controller action with signature System.Threading.Tasks.Task`1[Microsoft.AspNetCore.Mvc.IActionResult] Logout() on controller InnovatEPAM.Portal.Controllers.AuthController (InnovatEPAM.Portal).
2026-05-14 15:51:28.516 +03:00 [INF] AuthenticationScheme: Identity.Application signed out.
2026-05-14 15:51:28.516 +03:00 [INF] AuthenticationScheme: Identity.External signed out.
2026-05-14 15:51:28.516 +03:00 [INF] AuthenticationScheme: Identity.TwoFactorUserId signed out.
2026-05-14 15:51:28.516 +03:00 [INF] Executing RedirectResult, redirecting to /Auth/Login.
2026-05-14 15:51:28.517 +03:00 [INF] Executed action InnovatEPAM.Portal.Controllers.AuthController.Logout (InnovatEPAM.Portal) in 3.496ms
2026-05-14 15:51:28.517 +03:00 [INF] Executed endpoint 'InnovatEPAM.Portal.Controllers.AuthController.Logout (InnovatEPAM.Portal)'
2026-05-14 15:51:28.517 +03:00 [INF] Request finished HTTP/1.1 GET http://localhost:5205/Auth/Logout - 302 0 null 13.2598ms
2026-05-14 15:51:28.520 +03:00 [INF] Request starting HTTP/1.1 GET http://localhost:5205/Auth/Login - null null
2026-05-14 15:51:28.520 +03:00 [INF] Executing endpoint 'InnovatEPAM.Portal.Controllers.AuthController.Login (InnovatEPAM.Portal)'
2026-05-14 15:51:28.520 +03:00 [INF] Route matched with {action = "Login", controller = "Auth"}. Executing controller action with signature Microsoft.AspNetCore.Mvc.IActionResult Login(System.String) on controller InnovatEPAM.Portal.Controllers.AuthController (InnovatEPAM.Portal).
2026-05-14 15:51:28.520 +03:00 [INF] Executing ViewResult, running view Login.
2026-05-14 15:51:28.522 +03:00 [INF] Executed ViewResult - view Login executed in 1.5864ms.
2026-05-14 15:51:28.522 +03:00 [INF] Executed action InnovatEPAM.Portal.Controllers.AuthController.Login (InnovatEPAM.Portal) in 2.0915ms
2026-05-14 15:51:28.522 +03:00 [INF] Executed endpoint 'InnovatEPAM.Portal.Controllers.AuthController.Login (InnovatEPAM.Portal)'
2026-05-14 15:51:28.523 +03:00 [INF] Request finished HTTP/1.1 GET http://localhost:5205/Auth/Login - 200 null text/html; charset=utf-8 2.941ms
2026-05-14 15:51:30.162 +03:00 [INF] Request starting HTTP/1.1 GET http://localhost:5205/Auth/Login - null null
2026-05-14 15:51:30.163 +03:00 [INF] Executing endpoint 'InnovatEPAM.Portal.Controllers.AuthController.Login (InnovatEPAM.Portal)'
2026-05-14 15:51:30.163 +03:00 [INF] Route matched with {action = "Login", controller = "Auth"}. Executing controller action with signature Microsoft.AspNetCore.Mvc.IActionResult Login(System.String) on controller InnovatEPAM.Portal.Controllers.AuthController (InnovatEPAM.Portal).
2026-05-14 15:51:30.164 +03:00 [INF] Executing ViewResult, running view Login.
2026-05-14 15:51:30.166 +03:00 [INF] Executed ViewResult - view Login executed in 1.584ms.
2026-05-14 15:51:30.166 +03:00 [INF] Executed action InnovatEPAM.Portal.Controllers.AuthController.Login (InnovatEPAM.Portal) in 2.71ms
2026-05-14 15:51:30.166 +03:00 [INF] Executed endpoint 'InnovatEPAM.Portal.Controllers.AuthController.Login (InnovatEPAM.Portal)'
2026-05-14 15:51:30.166 +03:00 [INF] Request finished HTTP/1.1 GET http://localhost:5205/Auth/Login - 200 null text/html; charset=utf-8 4.2652ms
2026-05-14 15:52:10.067 +03:00 [INF] Application is shutting down...
2026-05-14 16:08:28.184 +03:00 [INF] Executed DbCommand (7ms) [Parameters=[], CommandType='"Text"', CommandTimeout='30']
SELECT "MigrationId", "ProductVersion"
FROM "__EFMigrationsHistory"
ORDER BY "MigrationId";
2026-05-14 16:08:28.269 +03:00 [INF] Executed DbCommand (1ms) [Parameters=[], CommandType='"Text"', CommandTimeout='30']
SELECT 1
2026-05-14 16:08:28.288 +03:00 [INF] Executed DbCommand (1ms) [Parameters=[], CommandType='"Text"', CommandTimeout='30']
CREATE TABLE IF NOT EXISTS "__EFMigrationsHistory" (
    "MigrationId" character varying(150) NOT NULL,
    "ProductVersion" character varying(32) NOT NULL,
    CONSTRAINT "PK___EFMigrationsHistory" PRIMARY KEY ("MigrationId")
);
2026-05-14 16:08:28.290 +03:00 [INF] Acquiring an exclusive lock for migration application. See https://aka.ms/efcore-docs-migrations-lock for more information if this takes too long.
2026-05-14 16:08:28.290 +03:00 [INF] Executed DbCommand (0ms) [Parameters=[], CommandType='"Text"', CommandTimeout='30']
LOCK TABLE "__EFMigrationsHistory" IN ACCESS EXCLUSIVE MODE
2026-05-14 16:08:28.291 +03:00 [INF] Executed DbCommand (0ms) [Parameters=[], CommandType='"Text"', CommandTimeout='30']
SELECT "MigrationId", "ProductVersion"
FROM "__EFMigrationsHistory"
ORDER BY "MigrationId";
2026-05-14 16:08:28.292 +03:00 [INF] No migrations were applied. The database is already up to date.
2026-05-14 16:08:28.297 +03:00 [INF] User profile is available. Using '/Users/talhapakdil/.aspnet/DataProtection-Keys' as key repository; keys will not be encrypted at rest.
2026-05-14 16:08:28.317 +03:00 [INF] Now listening on: http://localhost:5205
2026-05-14 16:08:28.318 +03:00 [INF] Application started. Press Ctrl+C to shut down.
2026-05-14 16:08:28.319 +03:00 [INF] Hosting environment: Development
2026-05-14 16:08:28.319 +03:00 [INF] Content root path: /Users/talhapakdil/Desktop/InnovatEPAM Portal/src/InnovatEPAM.Portal
2026-05-14 16:08:35.162 +03:00 [INF] Request starting HTTP/1.1 GET http://localhost:5205/ - null null
2026-05-14 16:08:35.163 +03:00 [WRN] Failed to determine the https port for redirect.
2026-05-14 16:08:35.174 +03:00 [INF] Executing endpoint 'InnovatEPAM.Portal.Controllers.HomeController.Index (InnovatEPAM.Portal)'
2026-05-14 16:08:35.177 +03:00 [INF] Route matched with {action = "Index", controller = "Home"}. Executing controller action with signature Microsoft.AspNetCore.Mvc.IActionResult Index() on controller InnovatEPAM.Portal.Controllers.HomeController (InnovatEPAM.Portal).
2026-05-14 16:08:35.180 +03:00 [INF] Executing RedirectResult, redirecting to /Auth/Login.
2026-05-14 16:08:35.182 +03:00 [INF] Executed action InnovatEPAM.Portal.Controllers.HomeController.Index (InnovatEPAM.Portal) in 3.6982ms
2026-05-14 16:08:35.182 +03:00 [INF] Executed endpoint 'InnovatEPAM.Portal.Controllers.HomeController.Index (InnovatEPAM.Portal)'
2026-05-14 16:08:35.185 +03:00 [INF] Request finished HTTP/1.1 GET http://localhost:5205/ - 302 0 null 23.5899ms
2026-05-14 16:08:35.187 +03:00 [INF] Request starting HTTP/1.1 GET http://localhost:5205/Auth/Login - null null
2026-05-14 16:08:35.188 +03:00 [INF] Executing endpoint 'InnovatEPAM.Portal.Controllers.AuthController.Login (InnovatEPAM.Portal)'
2026-05-14 16:08:35.190 +03:00 [INF] Route matched with {action = "Login", controller = "Auth"}. Executing controller action with signature Microsoft.AspNetCore.Mvc.IActionResult Login(System.String) on controller InnovatEPAM.Portal.Controllers.AuthController (InnovatEPAM.Portal).
2026-05-14 16:08:35.199 +03:00 [INF] Executing ViewResult, running view Login.
2026-05-14 16:08:35.274 +03:00 [INF] Executed ViewResult - view Login executed in 76.3098ms.
2026-05-14 16:08:35.274 +03:00 [INF] Executed action InnovatEPAM.Portal.Controllers.AuthController.Login (InnovatEPAM.Portal) in 83.8501ms
2026-05-14 16:08:35.274 +03:00 [INF] Executed endpoint 'InnovatEPAM.Portal.Controllers.AuthController.Login (InnovatEPAM.Portal)'
2026-05-14 16:08:35.275 +03:00 [INF] Request finished HTTP/1.1 GET http://localhost:5205/Auth/Login - 200 null text/html; charset=utf-8 87.7233ms
2026-05-14 16:08:35.284 +03:00 [INF] Request starting HTTP/1.1 GET http://localhost:5205/js/site.js?v=hRQyftXiu1lLX2P9Ly9xa4gHJgLeR1uGN5qegUobtGo - null null
2026-05-14 16:08:35.284 +03:00 [INF] Request starting HTTP/1.1 GET http://localhost:5205/css/site.css?v=j6fhJSuuyLpOSLuPJU0TsDV0iNjor5S3rDnvxJrt4bg - null null
2026-05-14 16:08:35.287 +03:00 [INF] The file /css/site.css was not modified
2026-05-14 16:08:35.287 +03:00 [INF] The file /js/site.js was not modified
2026-05-14 16:08:35.288 +03:00 [INF] Request finished HTTP/1.1 GET http://localhost:5205/css/site.css?v=j6fhJSuuyLpOSLuPJU0TsDV0iNjor5S3rDnvxJrt4bg - 304 null text/css 3.8883ms
2026-05-14 16:08:35.288 +03:00 [INF] Request finished HTTP/1.1 GET http://localhost:5205/js/site.js?v=hRQyftXiu1lLX2P9Ly9xa4gHJgLeR1uGN5qegUobtGo - 304 null text/javascript 3.8923ms
2026-05-14 16:08:35.359 +03:00 [INF] Request starting HTTP/1.1 GET http://localhost:5205/favicon.ico - null null
2026-05-14 16:08:35.360 +03:00 [INF] The file /favicon.ico was not modified
2026-05-14 16:08:35.360 +03:00 [INF] Request finished HTTP/1.1 GET http://localhost:5205/favicon.ico - 304 null image/x-icon 1.1356ms
2026-05-14 16:08:54.306 +03:00 [INF] Request starting HTTP/1.1 POST http://localhost:5205/Auth/Login - application/x-www-form-urlencoded 266
2026-05-14 16:08:54.310 +03:00 [INF] Executing endpoint 'InnovatEPAM.Portal.Controllers.AuthController.Login (InnovatEPAM.Portal)'
2026-05-14 16:08:54.317 +03:00 [INF] Route matched with {action = "Login", controller = "Auth"}. Executing controller action with signature System.Threading.Tasks.Task`1[Microsoft.AspNetCore.Mvc.IActionResult] Login(InnovatEPAM.Portal.ViewModels.LoginViewModel, System.String) on controller InnovatEPAM.Portal.Controllers.AuthController (InnovatEPAM.Portal).
2026-05-14 16:08:54.451 +03:00 [INF] Executed DbCommand (5ms) [Parameters=[@normalizedUserName='?'], CommandType='"Text"', CommandTimeout='30']
SELECT u."Id", u."AccessFailedCount", u."ConcurrencyStamp", u."CreatedDate", u."Email", u."EmailConfirmed", u."FirstName", u."LastName", u."LockoutEnabled", u."LockoutEnd", u."NormalizedEmail", u."NormalizedUserName", u."PasswordHash", u."PhoneNumber", u."PhoneNumberConfirmed", u."SecurityStamp", u."TwoFactorEnabled", u."UserName"
FROM "Users" AS u
WHERE u."NormalizedUserName" = @normalizedUserName
LIMIT 1
2026-05-14 16:08:54.529 +03:00 [INF] Executed DbCommand (1ms) [Parameters=[@user_Id='?' (DbType = Guid)], CommandType='"Text"', CommandTimeout='30']
SELECT u."Id", u."ClaimType", u."ClaimValue", u."UserId"
FROM "UserClaims" AS u
WHERE u."UserId" = @user_Id
2026-05-14 16:08:54.539 +03:00 [INF] Executed DbCommand (2ms) [Parameters=[@userId='?' (DbType = Guid)], CommandType='"Text"', CommandTimeout='30']
SELECT r."Name"
FROM "UserRoles" AS u
INNER JOIN "Roles" AS r ON u."RoleId" = r."Id"
WHERE u."UserId" = @userId
2026-05-14 16:08:54.542 +03:00 [INF] Executed DbCommand (1ms) [Parameters=[@normalizedName='?'], CommandType='"Text"', CommandTimeout='30']
SELECT r."Id", r."ConcurrencyStamp", r."Name", r."NormalizedName"
FROM "Roles" AS r
WHERE r."NormalizedName" = @normalizedName
LIMIT 1
2026-05-14 16:08:54.548 +03:00 [INF] Executed DbCommand (1ms) [Parameters=[@role_Id='?' (DbType = Guid)], CommandType='"Text"', CommandTimeout='30']
SELECT r."ClaimType", r."ClaimValue"
FROM "RoleClaims" AS r
WHERE r."RoleId" = @role_Id
2026-05-14 16:08:54.549 +03:00 [INF] AuthenticationScheme: Identity.Application signed in.
2026-05-14 16:08:54.549 +03:00 [INF] User logged in: pakdilhande46@gmail.com
2026-05-14 16:08:54.550 +03:00 [INF] Executing RedirectResult, redirecting to /Ideas.
2026-05-14 16:08:54.550 +03:00 [INF] Executed action InnovatEPAM.Portal.Controllers.AuthController.Login (InnovatEPAM.Portal) in 232.6495ms
2026-05-14 16:08:54.550 +03:00 [INF] Executed endpoint 'InnovatEPAM.Portal.Controllers.AuthController.Login (InnovatEPAM.Portal)'
2026-05-14 16:08:54.552 +03:00 [INF] Request finished HTTP/1.1 POST http://localhost:5205/Auth/Login - 302 0 null 245.5325ms
2026-05-14 16:08:54.554 +03:00 [INF] Request starting HTTP/1.1 GET http://localhost:5205/Ideas - null null
2026-05-14 16:08:54.558 +03:00 [INF] Executing endpoint 'InnovatEPAM.Portal.Controllers.IdeasController.Index (InnovatEPAM.Portal)'
2026-05-14 16:08:54.560 +03:00 [INF] Route matched with {action = "Index", controller = "Ideas"}. Executing controller action with signature System.Threading.Tasks.Task`1[Microsoft.AspNetCore.Mvc.IActionResult] Index(System.String) on controller InnovatEPAM.Portal.Controllers.IdeasController (InnovatEPAM.Portal).
2026-05-14 16:08:54.582 +03:00 [WRN] You do not have a valid license key for the Lucky Penny software AutoMapper. This is allowed for development and testing scenarios. If you are running in production you are required to have a licensed version. Please visit https://luckypennysoftware.com to obtain a valid license.
2026-05-14 16:08:54.612 +03:00 [INF] Executed DbCommand (3ms) [Parameters=[@submitterId='?' (DbType = Guid)], CommandType='"Text"', CommandTimeout='30']
SELECT i."Id", i."Category", i."CategoryData", i."CreatedDate", i."Description", i."LastModifiedByAdminId", i."LastModifiedDate", i."Status", i."SubmitterId", i."Title", u."Id", u."AccessFailedCount", u."ConcurrencyStamp", u."CreatedDate", u."Email", u."EmailConfirmed", u."FirstName", u."LastName", u."LockoutEnabled", u."LockoutEnd", u."NormalizedEmail", u."NormalizedUserName", u."PasswordHash", u."PhoneNumber", u."PhoneNumberConfirmed", u."SecurityStamp", u."TwoFactorEnabled", u."UserName"
FROM "Ideas" AS i
INNER JOIN "Users" AS u ON i."SubmitterId" = u."Id"
WHERE i."SubmitterId" = @submitterId
ORDER BY i."CreatedDate" DESC
2026-05-14 16:08:54.617 +03:00 [INF] Executing ViewResult, running view Index.
2026-05-14 16:08:54.623 +03:00 [INF] Executed ViewResult - view Index executed in 5.8782ms.
2026-05-14 16:08:54.623 +03:00 [INF] Executed action InnovatEPAM.Portal.Controllers.IdeasController.Index (InnovatEPAM.Portal) in 63.1295ms
2026-05-14 16:08:54.623 +03:00 [INF] Executed endpoint 'InnovatEPAM.Portal.Controllers.IdeasController.Index (InnovatEPAM.Portal)'
2026-05-14 16:08:54.623 +03:00 [INF] Request finished HTTP/1.1 GET http://localhost:5205/Ideas - 200 null text/html; charset=utf-8 68.5646ms
2026-05-14 16:08:59.030 +03:00 [INF] Request starting HTTP/1.1 GET http://localhost:5205/Ideas - null null
2026-05-14 16:08:59.034 +03:00 [INF] Executing endpoint 'InnovatEPAM.Portal.Controllers.IdeasController.Index (InnovatEPAM.Portal)'
2026-05-14 16:08:59.034 +03:00 [INF] Route matched with {action = "Index", controller = "Ideas"}. Executing controller action with signature System.Threading.Tasks.Task`1[Microsoft.AspNetCore.Mvc.IActionResult] Index(System.String) on controller InnovatEPAM.Portal.Controllers.IdeasController (InnovatEPAM.Portal).
2026-05-14 16:08:59.045 +03:00 [INF] Executed DbCommand (2ms) [Parameters=[@submitterId='?' (DbType = Guid)], CommandType='"Text"', CommandTimeout='30']
SELECT i."Id", i."Category", i."CategoryData", i."CreatedDate", i."Description", i."LastModifiedByAdminId", i."LastModifiedDate", i."Status", i."SubmitterId", i."Title", u."Id", u."AccessFailedCount", u."ConcurrencyStamp", u."CreatedDate", u."Email", u."EmailConfirmed", u."FirstName", u."LastName", u."LockoutEnabled", u."LockoutEnd", u."NormalizedEmail", u."NormalizedUserName", u."PasswordHash", u."PhoneNumber", u."PhoneNumberConfirmed", u."SecurityStamp", u."TwoFactorEnabled", u."UserName"
FROM "Ideas" AS i
INNER JOIN "Users" AS u ON i."SubmitterId" = u."Id"
WHERE i."SubmitterId" = @submitterId
ORDER BY i."CreatedDate" DESC
2026-05-14 16:08:59.046 +03:00 [INF] Executing ViewResult, running view Index.
2026-05-14 16:08:59.048 +03:00 [INF] Executed ViewResult - view Index executed in 1.7832ms.
2026-05-14 16:08:59.048 +03:00 [INF] Executed action InnovatEPAM.Portal.Controllers.IdeasController.Index (InnovatEPAM.Portal) in 13.8148ms
2026-05-14 16:08:59.048 +03:00 [INF] Executed endpoint 'InnovatEPAM.Portal.Controllers.IdeasController.Index (InnovatEPAM.Portal)'
2026-05-14 16:08:59.048 +03:00 [INF] Request finished HTTP/1.1 GET http://localhost:5205/Ideas - 200 null text/html; charset=utf-8 18.4901ms
2026-05-14 16:09:05.347 +03:00 [INF] Request starting HTTP/1.1 GET http://localhost:5205/Ideas?statusFilter= - null null
2026-05-14 16:09:05.356 +03:00 [INF] Executing endpoint 'InnovatEPAM.Portal.Controllers.IdeasController.Index (InnovatEPAM.Portal)'
2026-05-14 16:09:05.358 +03:00 [INF] Route matched with {action = "Index", controller = "Ideas"}. Executing controller action with signature System.Threading.Tasks.Task`1[Microsoft.AspNetCore.Mvc.IActionResult] Index(System.String) on controller InnovatEPAM.Portal.Controllers.IdeasController (InnovatEPAM.Portal).
2026-05-14 16:09:05.362 +03:00 [INF] Executed DbCommand (1ms) [Parameters=[@submitterId='?' (DbType = Guid)], CommandType='"Text"', CommandTimeout='30']
SELECT i."Id", i."Category", i."CategoryData", i."CreatedDate", i."Description", i."LastModifiedByAdminId", i."LastModifiedDate", i."Status", i."SubmitterId", i."Title", u."Id", u."AccessFailedCount", u."ConcurrencyStamp", u."CreatedDate", u."Email", u."EmailConfirmed", u."FirstName", u."LastName", u."LockoutEnabled", u."LockoutEnd", u."NormalizedEmail", u."NormalizedUserName", u."PasswordHash", u."PhoneNumber", u."PhoneNumberConfirmed", u."SecurityStamp", u."TwoFactorEnabled", u."UserName"
FROM "Ideas" AS i
INNER JOIN "Users" AS u ON i."SubmitterId" = u."Id"
WHERE i."SubmitterId" = @submitterId
ORDER BY i."CreatedDate" DESC
2026-05-14 16:09:05.363 +03:00 [INF] Executing ViewResult, running view Index.
2026-05-14 16:09:05.365 +03:00 [INF] Executed ViewResult - view Index executed in 2.3278ms.
2026-05-14 16:09:05.366 +03:00 [INF] Executed action InnovatEPAM.Portal.Controllers.IdeasController.Index (InnovatEPAM.Portal) in 7.5252ms
2026-05-14 16:09:05.366 +03:00 [INF] Executed endpoint 'InnovatEPAM.Portal.Controllers.IdeasController.Index (InnovatEPAM.Portal)'
2026-05-14 16:09:05.366 +03:00 [INF] Request finished HTTP/1.1 GET http://localhost:5205/Ideas?statusFilter= - 200 null text/html; charset=utf-8 19.1269ms
2026-05-14 16:09:07.293 +03:00 [INF] Request starting HTTP/1.1 GET http://localhost:5205/Ideas/Create - null null
2026-05-14 16:09:07.296 +03:00 [INF] Executing endpoint 'InnovatEPAM.Portal.Controllers.IdeasController.Create (InnovatEPAM.Portal)'
2026-05-14 16:09:07.297 +03:00 [INF] Route matched with {action = "Create", controller = "Ideas"}. Executing controller action with signature Microsoft.AspNetCore.Mvc.IActionResult Create() on controller InnovatEPAM.Portal.Controllers.IdeasController (InnovatEPAM.Portal).
2026-05-14 16:09:07.298 +03:00 [INF] Executing ViewResult, running view Create.
2026-05-14 16:09:07.336 +03:00 [INF] Executed ViewResult - view Create executed in 37.6861ms.
2026-05-14 16:09:07.336 +03:00 [INF] Executed action InnovatEPAM.Portal.Controllers.IdeasController.Create (InnovatEPAM.Portal) in 38.1157ms
2026-05-14 16:09:07.336 +03:00 [INF] Executed endpoint 'InnovatEPAM.Portal.Controllers.IdeasController.Create (InnovatEPAM.Portal)'
2026-05-14 16:09:07.336 +03:00 [INF] Request finished HTTP/1.1 GET http://localhost:5205/Ideas/Create - 200 null text/html; charset=utf-8 42.9839ms
2026-05-14 16:09:07.344 +03:00 [INF] Request starting HTTP/1.1 GET http://localhost:5205/lib/jquery-validation/dist/jquery.validate.min.js - null null
2026-05-14 16:09:07.344 +03:00 [INF] Request starting HTTP/1.1 GET http://localhost:5205/js/category-form.js?v=nG8W0xztH1tquHZ8i3mY5fa49J-a9-8zuvQh19m1JYA - null null
2026-05-14 16:09:07.345 +03:00 [INF] The file /lib/jquery-validation/dist/jquery.validate.min.js was not modified
2026-05-14 16:09:07.345 +03:00 [INF] The file /js/category-form.js was not modified
2026-05-14 16:09:07.345 +03:00 [INF] Request finished HTTP/1.1 GET http://localhost:5205/js/category-form.js?v=nG8W0xztH1tquHZ8i3mY5fa49J-a9-8zuvQh19m1JYA - 304 null text/javascript 0.5957ms
2026-05-14 16:09:07.345 +03:00 [INF] Request finished HTTP/1.1 GET http://localhost:5205/lib/jquery-validation/dist/jquery.validate.min.js - 304 null text/javascript 0.8994ms
2026-05-14 16:09:07.345 +03:00 [INF] Request starting HTTP/1.1 GET http://localhost:5205/lib/jquery-validation-unobtrusive/dist/jquery.validate.unobtrusive.min.js - null null
2026-05-14 16:09:07.346 +03:00 [INF] The file /lib/jquery-validation-unobtrusive/dist/jquery.validate.unobtrusive.min.js was not modified
2026-05-14 16:09:07.346 +03:00 [INF] Request finished HTTP/1.1 GET http://localhost:5205/lib/jquery-validation-unobtrusive/dist/jquery.validate.unobtrusive.min.js - 304 null text/javascript 0.3414ms
2026-05-14 16:09:12.667 +03:00 [INF] Request starting HTTP/1.1 GET http://localhost:5205/Ideas/Create - null null
2026-05-14 16:09:12.670 +03:00 [INF] Executing endpoint 'InnovatEPAM.Portal.Controllers.IdeasController.Create (InnovatEPAM.Portal)'
2026-05-14 16:09:12.670 +03:00 [INF] Route matched with {action = "Create", controller = "Ideas"}. Executing controller action with signature Microsoft.AspNetCore.Mvc.IActionResult Create() on controller InnovatEPAM.Portal.Controllers.IdeasController (InnovatEPAM.Portal).
2026-05-14 16:09:12.671 +03:00 [INF] Executing ViewResult, running view Create.
2026-05-14 16:09:12.673 +03:00 [INF] Executed ViewResult - view Create executed in 2.438ms.
2026-05-14 16:09:12.673 +03:00 [INF] Executed action InnovatEPAM.Portal.Controllers.IdeasController.Create (InnovatEPAM.Portal) in 2.6263ms
2026-05-14 16:09:12.673 +03:00 [INF] Executed endpoint 'InnovatEPAM.Portal.Controllers.IdeasController.Create (InnovatEPAM.Portal)'
2026-05-14 16:09:12.673 +03:00 [INF] Request finished HTTP/1.1 GET http://localhost:5205/Ideas/Create - 200 null text/html; charset=utf-8 5.9617ms
2026-05-14 16:09:15.168 +03:00 [INF] Request starting HTTP/1.1 GET http://localhost:5205/Ideas/Create - null null
2026-05-14 16:09:15.171 +03:00 [INF] Executing endpoint 'InnovatEPAM.Portal.Controllers.IdeasController.Create (InnovatEPAM.Portal)'
2026-05-14 16:09:15.171 +03:00 [INF] Route matched with {action = "Create", controller = "Ideas"}. Executing controller action with signature Microsoft.AspNetCore.Mvc.IActionResult Create() on controller InnovatEPAM.Portal.Controllers.IdeasController (InnovatEPAM.Portal).
2026-05-14 16:09:15.172 +03:00 [INF] Executing ViewResult, running view Create.
2026-05-14 16:09:15.174 +03:00 [INF] Executed ViewResult - view Create executed in 2.7832ms.
2026-05-14 16:09:15.175 +03:00 [INF] Executed action InnovatEPAM.Portal.Controllers.IdeasController.Create (InnovatEPAM.Portal) in 3.2387ms
2026-05-14 16:09:15.175 +03:00 [INF] Executed endpoint 'InnovatEPAM.Portal.Controllers.IdeasController.Create (InnovatEPAM.Portal)'
2026-05-14 16:09:15.175 +03:00 [INF] Request finished HTTP/1.1 GET http://localhost:5205/Ideas/Create - 200 null text/html; charset=utf-8 7.5944ms
2026-05-14 16:09:17.266 +03:00 [INF] Request starting HTTP/1.1 GET http://localhost:5205/Ideas - null null
2026-05-14 16:09:17.267 +03:00 [INF] Executing endpoint 'InnovatEPAM.Portal.Controllers.IdeasController.Index (InnovatEPAM.Portal)'
2026-05-14 16:09:17.267 +03:00 [INF] Route matched with {action = "Index", controller = "Ideas"}. Executing controller action with signature System.Threading.Tasks.Task`1[Microsoft.AspNetCore.Mvc.IActionResult] Index(System.String) on controller InnovatEPAM.Portal.Controllers.IdeasController (InnovatEPAM.Portal).
2026-05-14 16:09:17.269 +03:00 [INF] Executed DbCommand (1ms) [Parameters=[@submitterId='?' (DbType = Guid)], CommandType='"Text"', CommandTimeout='30']
SELECT i."Id", i."Category", i."CategoryData", i."CreatedDate", i."Description", i."LastModifiedByAdminId", i."LastModifiedDate", i."Status", i."SubmitterId", i."Title", u."Id", u."AccessFailedCount", u."ConcurrencyStamp", u."CreatedDate", u."Email", u."EmailConfirmed", u."FirstName", u."LastName", u."LockoutEnabled", u."LockoutEnd", u."NormalizedEmail", u."NormalizedUserName", u."PasswordHash", u."PhoneNumber", u."PhoneNumberConfirmed", u."SecurityStamp", u."TwoFactorEnabled", u."UserName"
FROM "Ideas" AS i
INNER JOIN "Users" AS u ON i."SubmitterId" = u."Id"
WHERE i."SubmitterId" = @submitterId
ORDER BY i."CreatedDate" DESC
2026-05-14 16:09:17.269 +03:00 [INF] Executing ViewResult, running view Index.
2026-05-14 16:09:17.270 +03:00 [INF] Executed ViewResult - view Index executed in 0.6334ms.
2026-05-14 16:09:17.270 +03:00 [INF] Executed action InnovatEPAM.Portal.Controllers.IdeasController.Index (InnovatEPAM.Portal) in 3.1115ms
2026-05-14 16:09:17.270 +03:00 [INF] Executed endpoint 'InnovatEPAM.Portal.Controllers.IdeasController.Index (InnovatEPAM.Portal)'
2026-05-14 16:09:17.270 +03:00 [INF] Request finished HTTP/1.1 GET http://localhost:5205/Ideas - 200 null text/html; charset=utf-8 4.4065ms
2026-05-14 16:09:17.751 +03:00 [INF] Request starting HTTP/1.1 GET http://localhost:5205/Ideas/Create - null null
2026-05-14 16:09:17.752 +03:00 [INF] Executing endpoint 'InnovatEPAM.Portal.Controllers.IdeasController.Create (InnovatEPAM.Portal)'
2026-05-14 16:09:17.753 +03:00 [INF] Route matched with {action = "Create", controller = "Ideas"}. Executing controller action with signature Microsoft.AspNetCore.Mvc.IActionResult Create() on controller InnovatEPAM.Portal.Controllers.IdeasController (InnovatEPAM.Portal).
2026-05-14 16:09:17.753 +03:00 [INF] Executing ViewResult, running view Create.
2026-05-14 16:09:17.754 +03:00 [INF] Executed ViewResult - view Create executed in 1.3832ms.
2026-05-14 16:09:17.754 +03:00 [INF] Executed action InnovatEPAM.Portal.Controllers.IdeasController.Create (InnovatEPAM.Portal) in 1.6366ms
2026-05-14 16:09:17.754 +03:00 [INF] Executed endpoint 'InnovatEPAM.Portal.Controllers.IdeasController.Create (InnovatEPAM.Portal)'
2026-05-14 16:09:17.755 +03:00 [INF] Request finished HTTP/1.1 GET http://localhost:5205/Ideas/Create - 200 null text/html; charset=utf-8 4.1353ms
2026-05-14 16:09:19.043 +03:00 [INF] Request starting HTTP/1.1 GET http://localhost:5205/ - null null
2026-05-14 16:09:19.044 +03:00 [INF] Executing endpoint 'InnovatEPAM.Portal.Controllers.HomeController.Index (InnovatEPAM.Portal)'
2026-05-14 16:09:19.044 +03:00 [INF] Route matched with {action = "Index", controller = "Home"}. Executing controller action with signature Microsoft.AspNetCore.Mvc.IActionResult Index() on controller InnovatEPAM.Portal.Controllers.HomeController (InnovatEPAM.Portal).
2026-05-14 16:09:19.045 +03:00 [INF] Executing RedirectResult, redirecting to /Ideas.
2026-05-14 16:09:19.045 +03:00 [INF] Executed action InnovatEPAM.Portal.Controllers.HomeController.Index (InnovatEPAM.Portal) in 0.431ms
2026-05-14 16:09:19.045 +03:00 [INF] Executed endpoint 'InnovatEPAM.Portal.Controllers.HomeController.Index (InnovatEPAM.Portal)'
2026-05-14 16:09:19.045 +03:00 [INF] Request finished HTTP/1.1 GET http://localhost:5205/ - 302 0 null 2.5492ms
2026-05-14 16:09:19.048 +03:00 [INF] Request starting HTTP/1.1 GET http://localhost:5205/Ideas - null null
2026-05-14 16:09:19.050 +03:00 [INF] Executing endpoint 'InnovatEPAM.Portal.Controllers.IdeasController.Index (InnovatEPAM.Portal)'
2026-05-14 16:09:19.050 +03:00 [INF] Route matched with {action = "Index", controller = "Ideas"}. Executing controller action with signature System.Threading.Tasks.Task`1[Microsoft.AspNetCore.Mvc.IActionResult] Index(System.String) on controller InnovatEPAM.Portal.Controllers.IdeasController (InnovatEPAM.Portal).
2026-05-14 16:09:19.054 +03:00 [INF] Executed DbCommand (2ms) [Parameters=[@submitterId='?' (DbType = Guid)], CommandType='"Text"', CommandTimeout='30']
SELECT i."Id", i."Category", i."CategoryData", i."CreatedDate", i."Description", i."LastModifiedByAdminId", i."LastModifiedDate", i."Status", i."SubmitterId", i."Title", u."Id", u."AccessFailedCount", u."ConcurrencyStamp", u."CreatedDate", u."Email", u."EmailConfirmed", u."FirstName", u."LastName", u."LockoutEnabled", u."LockoutEnd", u."NormalizedEmail", u."NormalizedUserName", u."PasswordHash", u."PhoneNumber", u."PhoneNumberConfirmed", u."SecurityStamp", u."TwoFactorEnabled", u."UserName"
FROM "Ideas" AS i
INNER JOIN "Users" AS u ON i."SubmitterId" = u."Id"
WHERE i."SubmitterId" = @submitterId
ORDER BY i."CreatedDate" DESC
2026-05-14 16:09:19.054 +03:00 [INF] Executing ViewResult, running view Index.
2026-05-14 16:09:19.055 +03:00 [INF] Executed ViewResult - view Index executed in 1.2262ms.
2026-05-14 16:09:19.056 +03:00 [INF] Executed action InnovatEPAM.Portal.Controllers.IdeasController.Index (InnovatEPAM.Portal) in 5.6514ms
2026-05-14 16:09:19.056 +03:00 [INF] Executed endpoint 'InnovatEPAM.Portal.Controllers.IdeasController.Index (InnovatEPAM.Portal)'
2026-05-14 16:09:19.056 +03:00 [INF] Request finished HTTP/1.1 GET http://localhost:5205/Ideas - 200 null text/html; charset=utf-8 8.7129ms
2026-05-14 16:12:28.199 +03:00 [INF] Request starting HTTP/1.1 GET http://localhost:5205/ - null null
2026-05-14 16:12:28.203 +03:00 [INF] Executing endpoint 'InnovatEPAM.Portal.Controllers.HomeController.Index (InnovatEPAM.Portal)'
2026-05-14 16:12:28.203 +03:00 [INF] Route matched with {action = "Index", controller = "Home"}. Executing controller action with signature Microsoft.AspNetCore.Mvc.IActionResult Index() on controller InnovatEPAM.Portal.Controllers.HomeController (InnovatEPAM.Portal).
2026-05-14 16:12:28.204 +03:00 [INF] Executing RedirectResult, redirecting to /Ideas.
2026-05-14 16:12:28.204 +03:00 [INF] Executed action InnovatEPAM.Portal.Controllers.HomeController.Index (InnovatEPAM.Portal) in 0.5277ms
2026-05-14 16:12:28.204 +03:00 [INF] Executed endpoint 'InnovatEPAM.Portal.Controllers.HomeController.Index (InnovatEPAM.Portal)'
2026-05-14 16:12:28.205 +03:00 [INF] Request finished HTTP/1.1 GET http://localhost:5205/ - 302 0 null 5.4062ms
2026-05-14 16:12:28.207 +03:00 [INF] Request starting HTTP/1.1 GET http://localhost:5205/Ideas - null null
2026-05-14 16:12:28.207 +03:00 [INF] Executing endpoint 'InnovatEPAM.Portal.Controllers.IdeasController.Index (InnovatEPAM.Portal)'
2026-05-14 16:12:28.207 +03:00 [INF] Route matched with {action = "Index", controller = "Ideas"}. Executing controller action with signature System.Threading.Tasks.Task`1[Microsoft.AspNetCore.Mvc.IActionResult] Index(System.String) on controller InnovatEPAM.Portal.Controllers.IdeasController (InnovatEPAM.Portal).
2026-05-14 16:12:28.212 +03:00 [INF] Executed DbCommand (1ms) [Parameters=[@submitterId='?' (DbType = Guid)], CommandType='"Text"', CommandTimeout='30']
SELECT i."Id", i."Category", i."CategoryData", i."CreatedDate", i."Description", i."LastModifiedByAdminId", i."LastModifiedDate", i."Status", i."SubmitterId", i."Title", u."Id", u."AccessFailedCount", u."ConcurrencyStamp", u."CreatedDate", u."Email", u."EmailConfirmed", u."FirstName", u."LastName", u."LockoutEnabled", u."LockoutEnd", u."NormalizedEmail", u."NormalizedUserName", u."PasswordHash", u."PhoneNumber", u."PhoneNumberConfirmed", u."SecurityStamp", u."TwoFactorEnabled", u."UserName"
FROM "Ideas" AS i
INNER JOIN "Users" AS u ON i."SubmitterId" = u."Id"
WHERE i."SubmitterId" = @submitterId
ORDER BY i."CreatedDate" DESC
2026-05-14 16:12:28.212 +03:00 [INF] Executing ViewResult, running view Index.
2026-05-14 16:12:28.214 +03:00 [INF] Executed ViewResult - view Index executed in 1.3641ms.
2026-05-14 16:12:28.214 +03:00 [INF] Executed action InnovatEPAM.Portal.Controllers.IdeasController.Index (InnovatEPAM.Portal) in 6.0985ms
2026-05-14 16:12:28.214 +03:00 [INF] Executed endpoint 'InnovatEPAM.Portal.Controllers.IdeasController.Index (InnovatEPAM.Portal)'
2026-05-14 16:12:28.214 +03:00 [INF] Request finished HTTP/1.1 GET http://localhost:5205/Ideas - 200 null text/html; charset=utf-8 6.872ms
2026-05-14 16:12:28.559 +03:00 [INF] Request starting HTTP/1.1 GET http://localhost:5205/Ideas - null null
2026-05-14 16:12:28.560 +03:00 [INF] Executing endpoint 'InnovatEPAM.Portal.Controllers.IdeasController.Index (InnovatEPAM.Portal)'
2026-05-14 16:12:28.560 +03:00 [INF] Route matched with {action = "Index", controller = "Ideas"}. Executing controller action with signature System.Threading.Tasks.Task`1[Microsoft.AspNetCore.Mvc.IActionResult] Index(System.String) on controller InnovatEPAM.Portal.Controllers.IdeasController (InnovatEPAM.Portal).
2026-05-14 16:12:28.562 +03:00 [INF] Executed DbCommand (1ms) [Parameters=[@submitterId='?' (DbType = Guid)], CommandType='"Text"', CommandTimeout='30']
SELECT i."Id", i."Category", i."CategoryData", i."CreatedDate", i."Description", i."LastModifiedByAdminId", i."LastModifiedDate", i."Status", i."SubmitterId", i."Title", u."Id", u."AccessFailedCount", u."ConcurrencyStamp", u."CreatedDate", u."Email", u."EmailConfirmed", u."FirstName", u."LastName", u."LockoutEnabled", u."LockoutEnd", u."NormalizedEmail", u."NormalizedUserName", u."PasswordHash", u."PhoneNumber", u."PhoneNumberConfirmed", u."SecurityStamp", u."TwoFactorEnabled", u."UserName"
FROM "Ideas" AS i
INNER JOIN "Users" AS u ON i."SubmitterId" = u."Id"
WHERE i."SubmitterId" = @submitterId
ORDER BY i."CreatedDate" DESC
2026-05-14 16:12:28.562 +03:00 [INF] Executing ViewResult, running view Index.
2026-05-14 16:12:28.563 +03:00 [INF] Executed ViewResult - view Index executed in 0.6611ms.
2026-05-14 16:12:28.563 +03:00 [INF] Executed action InnovatEPAM.Portal.Controllers.IdeasController.Index (InnovatEPAM.Portal) in 2.7991ms
2026-05-14 16:12:28.563 +03:00 [INF] Executed endpoint 'InnovatEPAM.Portal.Controllers.IdeasController.Index (InnovatEPAM.Portal)'
2026-05-14 16:12:28.564 +03:00 [INF] Request finished HTTP/1.1 GET http://localhost:5205/Ideas - 200 null text/html; charset=utf-8 4.1472ms
2026-05-14 16:12:29.143 +03:00 [INF] Request starting HTTP/1.1 GET http://localhost:5205/ - null null
2026-05-14 16:12:29.144 +03:00 [INF] Executing endpoint 'InnovatEPAM.Portal.Controllers.HomeController.Index (InnovatEPAM.Portal)'
2026-05-14 16:12:29.144 +03:00 [INF] Route matched with {action = "Index", controller = "Home"}. Executing controller action with signature Microsoft.AspNetCore.Mvc.IActionResult Index() on controller InnovatEPAM.Portal.Controllers.HomeController (InnovatEPAM.Portal).
2026-05-14 16:12:29.145 +03:00 [INF] Executing RedirectResult, redirecting to /Ideas.
2026-05-14 16:12:29.145 +03:00 [INF] Executed action InnovatEPAM.Portal.Controllers.HomeController.Index (InnovatEPAM.Portal) in 0.246ms
2026-05-14 16:12:29.145 +03:00 [INF] Executed endpoint 'InnovatEPAM.Portal.Controllers.HomeController.Index (InnovatEPAM.Portal)'
2026-05-14 16:12:29.145 +03:00 [INF] Request finished HTTP/1.1 GET http://localhost:5205/ - 302 0 null 1.623ms
2026-05-14 16:12:29.147 +03:00 [INF] Request starting HTTP/1.1 GET http://localhost:5205/Ideas - null null
2026-05-14 16:12:29.147 +03:00 [INF] Executing endpoint 'InnovatEPAM.Portal.Controllers.IdeasController.Index (InnovatEPAM.Portal)'
2026-05-14 16:12:29.148 +03:00 [INF] Route matched with {action = "Index", controller = "Ideas"}. Executing controller action with signature System.Threading.Tasks.Task`1[Microsoft.AspNetCore.Mvc.IActionResult] Index(System.String) on controller InnovatEPAM.Portal.Controllers.IdeasController (InnovatEPAM.Portal).
2026-05-14 16:12:29.149 +03:00 [INF] Executed DbCommand (1ms) [Parameters=[@submitterId='?' (DbType = Guid)], CommandType='"Text"', CommandTimeout='30']
SELECT i."Id", i."Category", i."CategoryData", i."CreatedDate", i."Description", i."LastModifiedByAdminId", i."LastModifiedDate", i."Status", i."SubmitterId", i."Title", u."Id", u."AccessFailedCount", u."ConcurrencyStamp", u."CreatedDate", u."Email", u."EmailConfirmed", u."FirstName", u."LastName", u."LockoutEnabled", u."LockoutEnd", u."NormalizedEmail", u."NormalizedUserName", u."PasswordHash", u."PhoneNumber", u."PhoneNumberConfirmed", u."SecurityStamp", u."TwoFactorEnabled", u."UserName"
FROM "Ideas" AS i
INNER JOIN "Users" AS u ON i."SubmitterId" = u."Id"
WHERE i."SubmitterId" = @submitterId
ORDER BY i."CreatedDate" DESC
2026-05-14 16:12:29.150 +03:00 [INF] Executing ViewResult, running view Index.
2026-05-14 16:12:29.151 +03:00 [INF] Executed ViewResult - view Index executed in 1.2892ms.
2026-05-14 16:12:29.151 +03:00 [INF] Executed action InnovatEPAM.Portal.Controllers.IdeasController.Index (InnovatEPAM.Portal) in 3.4572ms
2026-05-14 16:12:29.151 +03:00 [INF] Executed endpoint 'InnovatEPAM.Portal.Controllers.IdeasController.Index (InnovatEPAM.Portal)'
2026-05-14 16:12:29.151 +03:00 [INF] Request finished HTTP/1.1 GET http://localhost:5205/Ideas - 200 null text/html; charset=utf-8 4.6052ms
2026-05-14 16:12:36.557 +03:00 [INF] Request starting HTTP/1.1 GET http://localhost:5205/Ideas/Create - null null
2026-05-14 16:12:36.558 +03:00 [INF] Executing endpoint 'InnovatEPAM.Portal.Controllers.IdeasController.Create (InnovatEPAM.Portal)'
2026-05-14 16:12:36.558 +03:00 [INF] Route matched with {action = "Create", controller = "Ideas"}. Executing controller action with signature Microsoft.AspNetCore.Mvc.IActionResult Create() on controller InnovatEPAM.Portal.Controllers.IdeasController (InnovatEPAM.Portal).
2026-05-14 16:12:36.558 +03:00 [INF] Executing ViewResult, running view Create.
2026-05-14 16:12:36.561 +03:00 [INF] Executed ViewResult - view Create executed in 2.4016ms.
2026-05-14 16:12:36.561 +03:00 [INF] Executed action InnovatEPAM.Portal.Controllers.IdeasController.Create (InnovatEPAM.Portal) in 2.5994ms
2026-05-14 16:12:36.561 +03:00 [INF] Executed endpoint 'InnovatEPAM.Portal.Controllers.IdeasController.Create (InnovatEPAM.Portal)'
2026-05-14 16:12:36.561 +03:00 [INF] Request finished HTTP/1.1 GET http://localhost:5205/Ideas/Create - 200 null text/html; charset=utf-8 4.5742ms
2026-05-14 16:14:30.524 +03:00 [INF] Request starting HTTP/1.1 GET http://localhost:5205/Auth/Logout - null null
2026-05-14 16:14:30.526 +03:00 [INF] Executing endpoint 'InnovatEPAM.Portal.Controllers.AuthController.Logout (InnovatEPAM.Portal)'
2026-05-14 16:14:30.536 +03:00 [INF] Route matched with {action = "Logout", controller = "Auth"}. Executing controller action with signature System.Threading.Tasks.Task`1[Microsoft.AspNetCore.Mvc.IActionResult] Logout() on controller InnovatEPAM.Portal.Controllers.AuthController (InnovatEPAM.Portal).
2026-05-14 16:14:30.540 +03:00 [INF] AuthenticationScheme: Identity.Application signed out.
2026-05-14 16:14:30.541 +03:00 [INF] AuthenticationScheme: Identity.External signed out.
2026-05-14 16:14:30.541 +03:00 [INF] AuthenticationScheme: Identity.TwoFactorUserId signed out.
2026-05-14 16:14:30.541 +03:00 [INF] Executing RedirectResult, redirecting to /Auth/Login.
2026-05-14 16:14:30.541 +03:00 [INF] Executed action InnovatEPAM.Portal.Controllers.AuthController.Logout (InnovatEPAM.Portal) in 5.6975ms
2026-05-14 16:14:30.542 +03:00 [INF] Executed endpoint 'InnovatEPAM.Portal.Controllers.AuthController.Logout (InnovatEPAM.Portal)'
2026-05-14 16:14:30.542 +03:00 [INF] Request finished HTTP/1.1 GET http://localhost:5205/Auth/Logout - 302 0 null 17.6273ms
2026-05-14 16:14:30.544 +03:00 [INF] Request starting HTTP/1.1 GET http://localhost:5205/Auth/Login - null null
2026-05-14 16:14:30.545 +03:00 [INF] Executing endpoint 'InnovatEPAM.Portal.Controllers.AuthController.Login (InnovatEPAM.Portal)'
2026-05-14 16:14:30.545 +03:00 [INF] Route matched with {action = "Login", controller = "Auth"}. Executing controller action with signature Microsoft.AspNetCore.Mvc.IActionResult Login(System.String) on controller InnovatEPAM.Portal.Controllers.AuthController (InnovatEPAM.Portal).
2026-05-14 16:14:30.545 +03:00 [INF] Executing ViewResult, running view Login.
2026-05-14 16:14:30.548 +03:00 [INF] Executed ViewResult - view Login executed in 2.4281ms.
2026-05-14 16:14:30.548 +03:00 [INF] Executed action InnovatEPAM.Portal.Controllers.AuthController.Login (InnovatEPAM.Portal) in 3.0272ms
2026-05-14 16:14:30.548 +03:00 [INF] Executed endpoint 'InnovatEPAM.Portal.Controllers.AuthController.Login (InnovatEPAM.Portal)'
2026-05-14 16:14:30.548 +03:00 [INF] Request finished HTTP/1.1 GET http://localhost:5205/Auth/Login - 200 null text/html; charset=utf-8 3.9193ms
2026-05-14 16:14:38.165 +03:00 [INF] Request starting HTTP/1.1 POST http://localhost:5205/Auth/Login - application/x-www-form-urlencoded 260
2026-05-14 16:14:38.166 +03:00 [INF] Executing endpoint 'InnovatEPAM.Portal.Controllers.AuthController.Login (InnovatEPAM.Portal)'
2026-05-14 16:14:38.166 +03:00 [INF] Route matched with {action = "Login", controller = "Auth"}. Executing controller action with signature System.Threading.Tasks.Task`1[Microsoft.AspNetCore.Mvc.IActionResult] Login(InnovatEPAM.Portal.ViewModels.LoginViewModel, System.String) on controller InnovatEPAM.Portal.Controllers.AuthController (InnovatEPAM.Portal).
2026-05-14 16:14:38.190 +03:00 [INF] Executed DbCommand (3ms) [Parameters=[@normalizedUserName='?'], CommandType='"Text"', CommandTimeout='30']
SELECT u."Id", u."AccessFailedCount", u."ConcurrencyStamp", u."CreatedDate", u."Email", u."EmailConfirmed", u."FirstName", u."LastName", u."LockoutEnabled", u."LockoutEnd", u."NormalizedEmail", u."NormalizedUserName", u."PasswordHash", u."PhoneNumber", u."PhoneNumberConfirmed", u."SecurityStamp", u."TwoFactorEnabled", u."UserName"
FROM "Users" AS u
WHERE u."NormalizedUserName" = @normalizedUserName
LIMIT 1
2026-05-14 16:14:38.190 +03:00 [WRN] Failed login attempt for: admin@example.com
2026-05-14 16:14:38.191 +03:00 [INF] Executing ViewResult, running view Login.
2026-05-14 16:14:38.194 +03:00 [INF] Executed ViewResult - view Login executed in 3.2131ms.
2026-05-14 16:14:38.194 +03:00 [INF] Executed action InnovatEPAM.Portal.Controllers.AuthController.Login (InnovatEPAM.Portal) in 27.9933ms
2026-05-14 16:14:38.194 +03:00 [INF] Executed endpoint 'InnovatEPAM.Portal.Controllers.AuthController.Login (InnovatEPAM.Portal)'
2026-05-14 16:14:38.194 +03:00 [INF] Request finished HTTP/1.1 POST http://localhost:5205/Auth/Login - 200 null text/html; charset=utf-8 29.3835ms
2026-05-14 16:14:55.976 +03:00 [INF] Request starting HTTP/1.1 POST http://localhost:5205/Auth/Login - application/x-www-form-urlencoded 260
2026-05-14 16:14:55.977 +03:00 [INF] Executing endpoint 'InnovatEPAM.Portal.Controllers.AuthController.Login (InnovatEPAM.Portal)'
2026-05-14 16:14:55.977 +03:00 [INF] Route matched with {action = "Login", controller = "Auth"}. Executing controller action with signature System.Threading.Tasks.Task`1[Microsoft.AspNetCore.Mvc.IActionResult] Login(InnovatEPAM.Portal.ViewModels.LoginViewModel, System.String) on controller InnovatEPAM.Portal.Controllers.AuthController (InnovatEPAM.Portal).
2026-05-14 16:14:55.981 +03:00 [INF] Executed DbCommand (1ms) [Parameters=[@normalizedUserName='?'], CommandType='"Text"', CommandTimeout='30']
SELECT u."Id", u."AccessFailedCount", u."ConcurrencyStamp", u."CreatedDate", u."Email", u."EmailConfirmed", u."FirstName", u."LastName", u."LockoutEnabled", u."LockoutEnd", u."NormalizedEmail", u."NormalizedUserName", u."PasswordHash", u."PhoneNumber", u."PhoneNumberConfirmed", u."SecurityStamp", u."TwoFactorEnabled", u."UserName"
FROM "Users" AS u
WHERE u."NormalizedUserName" = @normalizedUserName
LIMIT 1
2026-05-14 16:14:55.981 +03:00 [WRN] Failed login attempt for: admin@example.com
2026-05-14 16:14:55.981 +03:00 [INF] Executing ViewResult, running view Login.
2026-05-14 16:14:55.982 +03:00 [INF] Executed ViewResult - view Login executed in 0.9624ms.
2026-05-14 16:14:55.982 +03:00 [INF] Executed action InnovatEPAM.Portal.Controllers.AuthController.Login (InnovatEPAM.Portal) in 5.3665ms
2026-05-14 16:14:55.983 +03:00 [INF] Executed endpoint 'InnovatEPAM.Portal.Controllers.AuthController.Login (InnovatEPAM.Portal)'
2026-05-14 16:14:55.983 +03:00 [INF] Request finished HTTP/1.1 POST http://localhost:5205/Auth/Login - 200 null text/html; charset=utf-8 6.7631ms
2026-05-14 16:16:08.379 +03:00 [INF] Request starting HTTP/1.1 POST http://localhost:5205/Auth/Login - application/x-www-form-urlencoded 264
2026-05-14 16:16:08.380 +03:00 [INF] Executing endpoint 'InnovatEPAM.Portal.Controllers.AuthController.Login (InnovatEPAM.Portal)'
2026-05-14 16:16:08.380 +03:00 [INF] Route matched with {action = "Login", controller = "Auth"}. Executing controller action with signature System.Threading.Tasks.Task`1[Microsoft.AspNetCore.Mvc.IActionResult] Login(InnovatEPAM.Portal.ViewModels.LoginViewModel, System.String) on controller InnovatEPAM.Portal.Controllers.AuthController (InnovatEPAM.Portal).
2026-05-14 16:16:08.382 +03:00 [INF] Executed DbCommand (1ms) [Parameters=[@normalizedUserName='?'], CommandType='"Text"', CommandTimeout='30']
SELECT u."Id", u."AccessFailedCount", u."ConcurrencyStamp", u."CreatedDate", u."Email", u."EmailConfirmed", u."FirstName", u."LastName", u."LockoutEnabled", u."LockoutEnd", u."NormalizedEmail", u."NormalizedUserName", u."PasswordHash", u."PhoneNumber", u."PhoneNumberConfirmed", u."SecurityStamp", u."TwoFactorEnabled", u."UserName"
FROM "Users" AS u
WHERE u."NormalizedUserName" = @normalizedUserName
LIMIT 1
2026-05-14 16:16:08.382 +03:00 [WRN] Failed login attempt for: admin@innovatepam.com
2026-05-14 16:16:08.382 +03:00 [INF] Executing ViewResult, running view Login.
2026-05-14 16:16:08.383 +03:00 [INF] Executed ViewResult - view Login executed in 0.4543ms.
2026-05-14 16:16:08.383 +03:00 [INF] Executed action InnovatEPAM.Portal.Controllers.AuthController.Login (InnovatEPAM.Portal) in 2.4902ms
2026-05-14 16:16:08.383 +03:00 [INF] Executed endpoint 'InnovatEPAM.Portal.Controllers.AuthController.Login (InnovatEPAM.Portal)'
2026-05-14 16:16:08.383 +03:00 [INF] Request finished HTTP/1.1 POST http://localhost:5205/Auth/Login - 200 null text/html; charset=utf-8 3.7332ms
2026-05-14 16:16:09.400 +03:00 [INF] Request starting HTTP/1.1 POST http://localhost:5205/Auth/Login - application/x-www-form-urlencoded 250
2026-05-14 16:16:09.400 +03:00 [INF] Executing endpoint 'InnovatEPAM.Portal.Controllers.AuthController.Login (InnovatEPAM.Portal)'
2026-05-14 16:16:09.400 +03:00 [INF] Route matched with {action = "Login", controller = "Auth"}. Executing controller action with signature System.Threading.Tasks.Task`1[Microsoft.AspNetCore.Mvc.IActionResult] Login(InnovatEPAM.Portal.ViewModels.LoginViewModel, System.String) on controller InnovatEPAM.Portal.Controllers.AuthController (InnovatEPAM.Portal).
2026-05-14 16:16:09.414 +03:00 [INF] Executing ViewResult, running view Login.
2026-05-14 16:16:09.415 +03:00 [INF] Executed ViewResult - view Login executed in 0.629ms.
2026-05-14 16:16:09.415 +03:00 [INF] Executed action InnovatEPAM.Portal.Controllers.AuthController.Login (InnovatEPAM.Portal) in 14.7507ms
2026-05-14 16:16:09.415 +03:00 [INF] Executed endpoint 'InnovatEPAM.Portal.Controllers.AuthController.Login (InnovatEPAM.Portal)'
2026-05-14 16:16:09.415 +03:00 [INF] Request finished HTTP/1.1 POST http://localhost:5205/Auth/Login - 200 null text/html; charset=utf-8 15.6285ms
2026-05-14 16:16:16.117 +03:00 [INF] Application is shutting down...
2026-05-14 16:17:27.211 +03:00 [INF] Executed DbCommand (7ms) [Parameters=[], CommandType='"Text"', CommandTimeout='30']
SELECT "MigrationId", "ProductVersion"
FROM "__EFMigrationsHistory"
ORDER BY "MigrationId";
2026-05-14 16:17:27.287 +03:00 [INF] Executed DbCommand (1ms) [Parameters=[], CommandType='"Text"', CommandTimeout='30']
SELECT 1
2026-05-14 16:17:27.302 +03:00 [INF] Executed DbCommand (1ms) [Parameters=[], CommandType='"Text"', CommandTimeout='30']
CREATE TABLE IF NOT EXISTS "__EFMigrationsHistory" (
    "MigrationId" character varying(150) NOT NULL,
    "ProductVersion" character varying(32) NOT NULL,
    CONSTRAINT "PK___EFMigrationsHistory" PRIMARY KEY ("MigrationId")
);
2026-05-14 16:17:27.304 +03:00 [INF] Acquiring an exclusive lock for migration application. See https://aka.ms/efcore-docs-migrations-lock for more information if this takes too long.
2026-05-14 16:17:27.305 +03:00 [INF] Executed DbCommand (0ms) [Parameters=[], CommandType='"Text"', CommandTimeout='30']
LOCK TABLE "__EFMigrationsHistory" IN ACCESS EXCLUSIVE MODE
2026-05-14 16:17:27.305 +03:00 [INF] Executed DbCommand (0ms) [Parameters=[], CommandType='"Text"', CommandTimeout='30']
SELECT "MigrationId", "ProductVersion"
FROM "__EFMigrationsHistory"
ORDER BY "MigrationId";
2026-05-14 16:17:27.306 +03:00 [INF] No migrations were applied. The database is already up to date.
2026-05-14 16:17:27.312 +03:00 [INF] User profile is available. Using '/Users/talhapakdil/.aspnet/DataProtection-Keys' as key repository; keys will not be encrypted at rest.
2026-05-14 16:17:27.329 +03:00 [INF] Now listening on: http://localhost:5205
2026-05-14 16:17:27.330 +03:00 [INF] Application started. Press Ctrl+C to shut down.
2026-05-14 16:17:27.330 +03:00 [INF] Hosting environment: Development
2026-05-14 16:17:27.330 +03:00 [INF] Content root path: /Users/talhapakdil/Desktop/InnovatEPAM Portal/src/InnovatEPAM.Portal
2026-05-14 16:17:30.378 +03:00 [INF] Request starting HTTP/1.1 POST http://localhost:5205/Auth/Login - application/x-www-form-urlencoded 250
2026-05-14 16:17:30.380 +03:00 [WRN] Failed to determine the https port for redirect.
2026-05-14 16:17:30.397 +03:00 [INF] Executing endpoint 'InnovatEPAM.Portal.Controllers.AuthController.Login (InnovatEPAM.Portal)'
2026-05-14 16:17:30.415 +03:00 [INF] Route matched with {action = "Login", controller = "Auth"}. Executing controller action with signature System.Threading.Tasks.Task`1[Microsoft.AspNetCore.Mvc.IActionResult] Login(InnovatEPAM.Portal.ViewModels.LoginViewModel, System.String) on controller InnovatEPAM.Portal.Controllers.AuthController (InnovatEPAM.Portal).
2026-05-14 16:17:30.475 +03:00 [INF] Executing ViewResult, running view Login.
2026-05-14 16:17:30.582 +03:00 [INF] Executed ViewResult - view Login executed in 107.8774ms.
2026-05-14 16:17:30.584 +03:00 [INF] Executed action InnovatEPAM.Portal.Controllers.AuthController.Login (InnovatEPAM.Portal) in 167.4298ms
2026-05-14 16:17:30.585 +03:00 [INF] Executed endpoint 'InnovatEPAM.Portal.Controllers.AuthController.Login (InnovatEPAM.Portal)'
2026-05-14 16:17:30.588 +03:00 [INF] Request finished HTTP/1.1 POST http://localhost:5205/Auth/Login - 200 null text/html; charset=utf-8 210.0882ms
2026-05-14 16:17:33.030 +03:00 [INF] Request starting HTTP/1.1 POST http://localhost:5205/Auth/Login - application/x-www-form-urlencoded 250
2026-05-14 16:17:33.033 +03:00 [INF] Executing endpoint 'InnovatEPAM.Portal.Controllers.AuthController.Login (InnovatEPAM.Portal)'
2026-05-14 16:17:33.033 +03:00 [INF] Route matched with {action = "Login", controller = "Auth"}. Executing controller action with signature System.Threading.Tasks.Task`1[Microsoft.AspNetCore.Mvc.IActionResult] Login(InnovatEPAM.Portal.ViewModels.LoginViewModel, System.String) on controller InnovatEPAM.Portal.Controllers.AuthController (InnovatEPAM.Portal).
2026-05-14 16:17:33.040 +03:00 [INF] Executing ViewResult, running view Login.
2026-05-14 16:17:33.044 +03:00 [INF] Executed ViewResult - view Login executed in 4.3788ms.
2026-05-14 16:17:33.044 +03:00 [INF] Executed action InnovatEPAM.Portal.Controllers.AuthController.Login (InnovatEPAM.Portal) in 11.1622ms
2026-05-14 16:17:33.045 +03:00 [INF] Executed endpoint 'InnovatEPAM.Portal.Controllers.AuthController.Login (InnovatEPAM.Portal)'
2026-05-14 16:17:33.045 +03:00 [INF] Request finished HTTP/1.1 POST http://localhost:5205/Auth/Login - 200 null text/html; charset=utf-8 14.9572ms
2026-05-14 16:23:06.680 +03:00 [INF] Executed DbCommand (6ms) [Parameters=[], CommandType='"Text"', CommandTimeout='30']
SELECT "MigrationId", "ProductVersion"
FROM "__EFMigrationsHistory"
ORDER BY "MigrationId";
2026-05-14 16:41:15.704 +03:00 [INF] Executed DbCommand (7ms) [Parameters=[], CommandType='"Text"', CommandTimeout='30']
SELECT "MigrationId", "ProductVersion"
FROM "__EFMigrationsHistory"
ORDER BY "MigrationId";
2026-05-14 16:41:45.369 +03:00 [INF] Executed DbCommand (7ms) [Parameters=[], CommandType='"Text"', CommandTimeout='30']
SELECT "MigrationId", "ProductVersion"
FROM "__EFMigrationsHistory"
ORDER BY "MigrationId";
2026-05-14 16:41:45.450 +03:00 [INF] Executed DbCommand (1ms) [Parameters=[], CommandType='"Text"', CommandTimeout='30']
SELECT 1
2026-05-14 16:41:45.467 +03:00 [INF] Executed DbCommand (1ms) [Parameters=[], CommandType='"Text"', CommandTimeout='30']
CREATE TABLE IF NOT EXISTS "__EFMigrationsHistory" (
    "MigrationId" character varying(150) NOT NULL,
    "ProductVersion" character varying(32) NOT NULL,
    CONSTRAINT "PK___EFMigrationsHistory" PRIMARY KEY ("MigrationId")
);
2026-05-14 16:41:45.469 +03:00 [INF] Acquiring an exclusive lock for migration application. See https://aka.ms/efcore-docs-migrations-lock for more information if this takes too long.
2026-05-14 16:41:45.470 +03:00 [INF] Executed DbCommand (0ms) [Parameters=[], CommandType='"Text"', CommandTimeout='30']
LOCK TABLE "__EFMigrationsHistory" IN ACCESS EXCLUSIVE MODE
2026-05-14 16:41:45.470 +03:00 [INF] Executed DbCommand (0ms) [Parameters=[], CommandType='"Text"', CommandTimeout='30']
SELECT "MigrationId", "ProductVersion"
FROM "__EFMigrationsHistory"
ORDER BY "MigrationId";
2026-05-14 16:41:45.473 +03:00 [INF] Applying migration '20260514134119_AddMultiStageReview'.
2026-05-14 16:41:45.481 +03:00 [INF] Executed DbCommand (1ms) [Parameters=[], CommandType='"Text"', CommandTimeout='30']
ALTER TABLE "Ideas" ADD "CurrentReviewStage" integer;
2026-05-14 16:41:45.487 +03:00 [INF] Executed DbCommand (5ms) [Parameters=[], CommandType='"Text"', CommandTimeout='30']
CREATE TABLE "StageTransitions" (
    "Id" uuid NOT NULL,
    "IdeaId" uuid NOT NULL,
    "FromStage" integer,
    "ToStage" integer NOT NULL,
    "IsAdvance" boolean NOT NULL,
    "Notes" character varying(1000),
    "RevertReason" character varying(500),
    "Outcome" character varying(50),
    "TransitionedByAdminId" uuid NOT NULL,
    "TransitionDate" timestamp with time zone NOT NULL,
    CONSTRAINT "PK_StageTransitions" PRIMARY KEY ("Id"),
    CONSTRAINT "FK_StageTransitions_Ideas_IdeaId" FOREIGN KEY ("IdeaId") REFERENCES "Ideas" ("Id") ON DELETE CASCADE,
    CONSTRAINT "FK_StageTransitions_Users_TransitionedByAdminId" FOREIGN KEY ("TransitionedByAdminId") REFERENCES "Users" ("Id") ON DELETE RESTRICT
);
2026-05-14 16:41:45.488 +03:00 [INF] Executed DbCommand (1ms) [Parameters=[], CommandType='"Text"', CommandTimeout='30']
CREATE INDEX "IX_StageTransitions_IdeaId" ON "StageTransitions" ("IdeaId");
2026-05-14 16:41:45.489 +03:00 [INF] Executed DbCommand (1ms) [Parameters=[], CommandType='"Text"', CommandTimeout='30']
CREATE INDEX "IX_StageTransitions_TransitionDate" ON "StageTransitions" ("TransitionDate");
2026-05-14 16:41:45.489 +03:00 [INF] Executed DbCommand (1ms) [Parameters=[], CommandType='"Text"', CommandTimeout='30']
CREATE INDEX "IX_StageTransitions_TransitionedByAdminId" ON "StageTransitions" ("TransitionedByAdminId");
2026-05-14 16:41:45.490 +03:00 [INF] Executed DbCommand (0ms) [Parameters=[], CommandType='"Text"', CommandTimeout='30']
INSERT INTO "__EFMigrationsHistory" ("MigrationId", "ProductVersion")
VALUES ('20260514134119_AddMultiStageReview', '10.0.8');
2026-05-14 16:41:45.495 +03:00 [INF] User profile is available. Using '/Users/talhapakdil/.aspnet/DataProtection-Keys' as key repository; keys will not be encrypted at rest.
2026-05-14 16:41:45.512 +03:00 [ERR] Hosting failed to start
System.IO.IOException: Failed to bind to address http://127.0.0.1:5205: address already in use.
 ---> Microsoft.AspNetCore.Connections.AddressInUseException: Address already in use
 ---> System.Net.Sockets.SocketException (48): Address already in use
   at System.Net.Sockets.Socket.UpdateStatusAfterSocketErrorAndThrowException(SocketError error, Boolean disconnectOnFailure, String callerName)
   at System.Net.Sockets.Socket.DoBind(EndPoint endPointSnapshot, SocketAddress socketAddress)
   at System.Net.Sockets.Socket.Bind(EndPoint localEP)
   at Microsoft.AspNetCore.Server.Kestrel.Transport.Sockets.SocketTransportOptions.CreateDefaultBoundListenSocket(EndPoint endpoint)
   at Microsoft.AspNetCore.Server.Kestrel.Transport.Sockets.SocketConnectionListener.Bind()
   --- End of inner exception stack trace ---
   at Microsoft.AspNetCore.Server.Kestrel.Transport.Sockets.SocketConnectionListener.Bind()
   at Microsoft.AspNetCore.Server.Kestrel.Transport.Sockets.SocketTransportFactory.BindAsync(EndPoint endpoint, CancellationToken cancellationToken)
   at Microsoft.AspNetCore.Server.Kestrel.Core.Internal.Infrastructure.TransportManager.BindAsync(EndPoint endPoint, ConnectionDelegate connectionDelegate, EndpointConfig endpointConfig, CancellationToken cancellationToken)
   at Microsoft.AspNetCore.Server.Kestrel.Core.KestrelServerImpl.<>c__DisplayClass28_0`1.<<StartAsync>g__OnBind|0>d.MoveNext()
--- End of stack trace from previous location ---
   at Microsoft.AspNetCore.Server.Kestrel.Core.Internal.AddressBinder.BindEndpointAsync(ListenOptions endpoint, AddressBindContext context, CancellationToken cancellationToken)
   --- End of inner exception stack trace ---
   at Microsoft.AspNetCore.Server.Kestrel.Core.Internal.AddressBinder.BindEndpointAsync(ListenOptions endpoint, AddressBindContext context, CancellationToken cancellationToken)
   at Microsoft.AspNetCore.Server.Kestrel.Core.LocalhostListenOptions.BindAsync(AddressBindContext context, CancellationToken cancellationToken)
   at Microsoft.AspNetCore.Server.Kestrel.Core.Internal.AddressBinder.AddressesStrategy.BindAsync(AddressBindContext context, CancellationToken cancellationToken)
   at Microsoft.AspNetCore.Server.Kestrel.Core.KestrelServerImpl.BindAsync(CancellationToken cancellationToken)
   at Microsoft.AspNetCore.Server.Kestrel.Core.KestrelServerImpl.StartAsync[TContext](IHttpApplication`1 application, CancellationToken cancellationToken)
   at Microsoft.AspNetCore.Hosting.GenericWebHostService.StartAsync(CancellationToken cancellationToken)
   at Microsoft.Extensions.Hosting.Internal.Host.<StartAsync>b__14_1(IHostedService service, CancellationToken token)
   at Microsoft.Extensions.Hosting.Internal.Host.ForeachService[T](IEnumerable`1 services, CancellationToken token, Boolean concurrent, Boolean abortOnFirstException, List`1 exceptions, Func`3 operation)
2026-05-14 16:42:30.666 +03:00 [INF] Executed DbCommand (10ms) [Parameters=[], CommandType='"Text"', CommandTimeout='30']
SELECT "MigrationId", "ProductVersion"
FROM "__EFMigrationsHistory"
ORDER BY "MigrationId";
2026-05-14 16:42:30.757 +03:00 [INF] Executed DbCommand (1ms) [Parameters=[], CommandType='"Text"', CommandTimeout='30']
SELECT 1
2026-05-14 16:42:30.778 +03:00 [INF] Executed DbCommand (2ms) [Parameters=[], CommandType='"Text"', CommandTimeout='30']
CREATE TABLE IF NOT EXISTS "__EFMigrationsHistory" (
    "MigrationId" character varying(150) NOT NULL,
    "ProductVersion" character varying(32) NOT NULL,
    CONSTRAINT "PK___EFMigrationsHistory" PRIMARY KEY ("MigrationId")
);
2026-05-14 16:42:30.781 +03:00 [INF] Acquiring an exclusive lock for migration application. See https://aka.ms/efcore-docs-migrations-lock for more information if this takes too long.
2026-05-14 16:42:30.783 +03:00 [INF] Executed DbCommand (0ms) [Parameters=[], CommandType='"Text"', CommandTimeout='30']
LOCK TABLE "__EFMigrationsHistory" IN ACCESS EXCLUSIVE MODE
2026-05-14 16:42:30.784 +03:00 [INF] Executed DbCommand (0ms) [Parameters=[], CommandType='"Text"', CommandTimeout='30']
SELECT "MigrationId", "ProductVersion"
FROM "__EFMigrationsHistory"
ORDER BY "MigrationId";
2026-05-14 16:42:30.786 +03:00 [INF] No migrations were applied. The database is already up to date.
2026-05-14 16:42:30.792 +03:00 [INF] User profile is available. Using '/Users/talhapakdil/.aspnet/DataProtection-Keys' as key repository; keys will not be encrypted at rest.
2026-05-14 16:42:30.809 +03:00 [INF] Now listening on: http://localhost:5205
2026-05-14 16:42:30.810 +03:00 [INF] Application started. Press Ctrl+C to shut down.
2026-05-14 16:42:30.810 +03:00 [INF] Hosting environment: Development
2026-05-14 16:42:30.811 +03:00 [INF] Content root path: /Users/talhapakdil/Desktop/InnovatEPAM Portal/src/InnovatEPAM.Portal
2026-05-14 16:42:32.712 +03:00 [INF] Request starting HTTP/1.1 GET http://localhost:5205/ - null null
2026-05-14 16:42:32.713 +03:00 [WRN] Failed to determine the https port for redirect.
2026-05-14 16:42:32.730 +03:00 [INF] Executing endpoint 'InnovatEPAM.Portal.Controllers.HomeController.Index (InnovatEPAM.Portal)'
2026-05-14 16:42:32.733 +03:00 [INF] Route matched with {action = "Index", controller = "Home"}. Executing controller action with signature Microsoft.AspNetCore.Mvc.IActionResult Index() on controller InnovatEPAM.Portal.Controllers.HomeController (InnovatEPAM.Portal).
2026-05-14 16:42:32.739 +03:00 [INF] Executing RedirectResult, redirecting to /Auth/Login.
2026-05-14 16:42:32.740 +03:00 [INF] Executed action InnovatEPAM.Portal.Controllers.HomeController.Index (InnovatEPAM.Portal) in 6.1809ms
2026-05-14 16:42:32.741 +03:00 [INF] Executed endpoint 'InnovatEPAM.Portal.Controllers.HomeController.Index (InnovatEPAM.Portal)'
2026-05-14 16:42:32.742 +03:00 [INF] Request finished HTTP/1.1 GET http://localhost:5205/ - 302 0 null 31.8024ms
2026-05-14 16:42:32.747 +03:00 [INF] Request starting HTTP/1.1 GET http://localhost:5205/Auth/Login - null null
2026-05-14 16:42:32.748 +03:00 [INF] Executing endpoint 'InnovatEPAM.Portal.Controllers.AuthController.Login (InnovatEPAM.Portal)'
2026-05-14 16:42:32.750 +03:00 [INF] Route matched with {action = "Login", controller = "Auth"}. Executing controller action with signature Microsoft.AspNetCore.Mvc.IActionResult Login(System.String) on controller InnovatEPAM.Portal.Controllers.AuthController (InnovatEPAM.Portal).
2026-05-14 16:42:32.762 +03:00 [INF] Executing ViewResult, running view Login.
2026-05-14 16:42:32.853 +03:00 [INF] Executed ViewResult - view Login executed in 93.4284ms.
2026-05-14 16:42:32.853 +03:00 [INF] Executed action InnovatEPAM.Portal.Controllers.AuthController.Login (InnovatEPAM.Portal) in 101.9825ms
2026-05-14 16:42:32.853 +03:00 [INF] Executed endpoint 'InnovatEPAM.Portal.Controllers.AuthController.Login (InnovatEPAM.Portal)'
2026-05-14 16:42:32.854 +03:00 [INF] Request finished HTTP/1.1 GET http://localhost:5205/Auth/Login - 200 null text/html; charset=utf-8 107.1999ms
2026-05-14 16:42:32.861 +03:00 [INF] Request starting HTTP/1.1 GET http://localhost:5205/js/site.js?v=hRQyftXiu1lLX2P9Ly9xa4gHJgLeR1uGN5qegUobtGo - null null
2026-05-14 16:42:32.861 +03:00 [INF] Request starting HTTP/1.1 GET http://localhost:5205/css/site.css?v=j6fhJSuuyLpOSLuPJU0TsDV0iNjor5S3rDnvxJrt4bg - null null
2026-05-14 16:42:32.863 +03:00 [INF] The file /css/site.css was not modified
2026-05-14 16:42:32.863 +03:00 [INF] The file /js/site.js was not modified
2026-05-14 16:42:32.863 +03:00 [INF] Request finished HTTP/1.1 GET http://localhost:5205/js/site.js?v=hRQyftXiu1lLX2P9Ly9xa4gHJgLeR1uGN5qegUobtGo - 304 null text/javascript 2.7975ms
2026-05-14 16:42:32.863 +03:00 [INF] Request finished HTTP/1.1 GET http://localhost:5205/css/site.css?v=j6fhJSuuyLpOSLuPJU0TsDV0iNjor5S3rDnvxJrt4bg - 304 null text/css 2.7747ms
2026-05-14 16:42:35.030 +03:00 [INF] Request starting HTTP/1.1 GET http://localhost:5205/Auth/Login - null null
2026-05-14 16:42:35.033 +03:00 [INF] Executing endpoint 'InnovatEPAM.Portal.Controllers.AuthController.Login (InnovatEPAM.Portal)'
2026-05-14 16:42:35.034 +03:00 [INF] Route matched with {action = "Login", controller = "Auth"}. Executing controller action with signature Microsoft.AspNetCore.Mvc.IActionResult Login(System.String) on controller InnovatEPAM.Portal.Controllers.AuthController (InnovatEPAM.Portal).
2026-05-14 16:42:35.039 +03:00 [INF] Executing ViewResult, running view Login.
2026-05-14 16:42:35.042 +03:00 [INF] Executed ViewResult - view Login executed in 3.1919ms.
2026-05-14 16:42:35.042 +03:00 [INF] Executed action InnovatEPAM.Portal.Controllers.AuthController.Login (InnovatEPAM.Portal) in 8.3617ms
2026-05-14 16:42:35.042 +03:00 [INF] Executed endpoint 'InnovatEPAM.Portal.Controllers.AuthController.Login (InnovatEPAM.Portal)'
2026-05-14 16:42:35.042 +03:00 [INF] Request finished HTTP/1.1 GET http://localhost:5205/Auth/Login - 200 null text/html; charset=utf-8 12.5013ms
2026-05-14 16:42:38.392 +03:00 [INF] Request starting HTTP/1.1 POST http://localhost:5205/Auth/Login - application/x-www-form-urlencoded 266
2026-05-14 16:42:38.394 +03:00 [INF] Executing endpoint 'InnovatEPAM.Portal.Controllers.AuthController.Login (InnovatEPAM.Portal)'
2026-05-14 16:42:38.399 +03:00 [INF] Route matched with {action = "Login", controller = "Auth"}. Executing controller action with signature System.Threading.Tasks.Task`1[Microsoft.AspNetCore.Mvc.IActionResult] Login(InnovatEPAM.Portal.ViewModels.LoginViewModel, System.String) on controller InnovatEPAM.Portal.Controllers.AuthController (InnovatEPAM.Portal).
2026-05-14 16:42:38.601 +03:00 [INF] Executed DbCommand (5ms) [Parameters=[@normalizedUserName='?'], CommandType='"Text"', CommandTimeout='30']
SELECT u."Id", u."AccessFailedCount", u."ConcurrencyStamp", u."CreatedDate", u."Email", u."EmailConfirmed", u."FirstName", u."LastName", u."LockoutEnabled", u."LockoutEnd", u."NormalizedEmail", u."NormalizedUserName", u."PasswordHash", u."PhoneNumber", u."PhoneNumberConfirmed", u."SecurityStamp", u."TwoFactorEnabled", u."UserName"
FROM "Users" AS u
WHERE u."NormalizedUserName" = @normalizedUserName
LIMIT 1
2026-05-14 16:42:38.680 +03:00 [INF] Executed DbCommand (1ms) [Parameters=[@user_Id='?' (DbType = Guid)], CommandType='"Text"', CommandTimeout='30']
SELECT u."Id", u."ClaimType", u."ClaimValue", u."UserId"
FROM "UserClaims" AS u
WHERE u."UserId" = @user_Id
2026-05-14 16:42:38.688 +03:00 [INF] Executed DbCommand (1ms) [Parameters=[@userId='?' (DbType = Guid)], CommandType='"Text"', CommandTimeout='30']
SELECT r."Name"
FROM "UserRoles" AS u
INNER JOIN "Roles" AS r ON u."RoleId" = r."Id"
WHERE u."UserId" = @userId
2026-05-14 16:42:38.691 +03:00 [INF] Executed DbCommand (0ms) [Parameters=[@normalizedName='?'], CommandType='"Text"', CommandTimeout='30']
SELECT r."Id", r."ConcurrencyStamp", r."Name", r."NormalizedName"
FROM "Roles" AS r
WHERE r."NormalizedName" = @normalizedName
LIMIT 1
2026-05-14 16:42:38.697 +03:00 [INF] Executed DbCommand (1ms) [Parameters=[@role_Id='?' (DbType = Guid)], CommandType='"Text"', CommandTimeout='30']
SELECT r."ClaimType", r."ClaimValue"
FROM "RoleClaims" AS r
WHERE r."RoleId" = @role_Id
2026-05-14 16:42:38.698 +03:00 [INF] AuthenticationScheme: Identity.Application signed in.
2026-05-14 16:42:38.699 +03:00 [INF] User logged in: pakdilhande46@gmail.com
2026-05-14 16:42:38.699 +03:00 [INF] Executing RedirectResult, redirecting to /Ideas.
2026-05-14 16:42:38.699 +03:00 [INF] Executed action InnovatEPAM.Portal.Controllers.AuthController.Login (InnovatEPAM.Portal) in 300.6889ms
2026-05-14 16:42:38.699 +03:00 [INF] Executed endpoint 'InnovatEPAM.Portal.Controllers.AuthController.Login (InnovatEPAM.Portal)'
2026-05-14 16:42:38.701 +03:00 [INF] Request finished HTTP/1.1 POST http://localhost:5205/Auth/Login - 302 0 null 308.5346ms
2026-05-14 16:42:38.703 +03:00 [INF] Request starting HTTP/1.1 GET http://localhost:5205/Ideas - null null
2026-05-14 16:42:38.706 +03:00 [INF] Executing endpoint 'InnovatEPAM.Portal.Controllers.IdeasController.Index (InnovatEPAM.Portal)'
2026-05-14 16:42:38.708 +03:00 [INF] Route matched with {action = "Index", controller = "Ideas"}. Executing controller action with signature System.Threading.Tasks.Task`1[Microsoft.AspNetCore.Mvc.IActionResult] Index(System.String) on controller InnovatEPAM.Portal.Controllers.IdeasController (InnovatEPAM.Portal).
2026-05-14 16:42:38.732 +03:00 [WRN] You do not have a valid license key for the Lucky Penny software AutoMapper. This is allowed for development and testing scenarios. If you are running in production you are required to have a licensed version. Please visit https://luckypennysoftware.com to obtain a valid license.
2026-05-14 16:42:38.760 +03:00 [INF] Executed DbCommand (2ms) [Parameters=[@submitterId='?' (DbType = Guid)], CommandType='"Text"', CommandTimeout='30']
SELECT i."Id", i."Category", i."CategoryData", i."CreatedDate", i."CurrentReviewStage", i."Description", i."LastModifiedByAdminId", i."LastModifiedDate", i."Status", i."SubmitterId", i."Title", u."Id", u."AccessFailedCount", u."ConcurrencyStamp", u."CreatedDate", u."Email", u."EmailConfirmed", u."FirstName", u."LastName", u."LockoutEnabled", u."LockoutEnd", u."NormalizedEmail", u."NormalizedUserName", u."PasswordHash", u."PhoneNumber", u."PhoneNumberConfirmed", u."SecurityStamp", u."TwoFactorEnabled", u."UserName"
FROM "Ideas" AS i
INNER JOIN "Users" AS u ON i."SubmitterId" = u."Id"
WHERE i."SubmitterId" = @submitterId
ORDER BY i."CreatedDate" DESC
2026-05-14 16:42:38.765 +03:00 [INF] Executing ViewResult, running view Index.
2026-05-14 16:42:38.770 +03:00 [INF] Executed ViewResult - view Index executed in 4.8376ms.
2026-05-14 16:42:38.770 +03:00 [INF] Executed action InnovatEPAM.Portal.Controllers.IdeasController.Index (InnovatEPAM.Portal) in 62.0741ms
2026-05-14 16:42:38.770 +03:00 [INF] Executed endpoint 'InnovatEPAM.Portal.Controllers.IdeasController.Index (InnovatEPAM.Portal)'
2026-05-14 16:42:38.770 +03:00 [INF] Request finished HTTP/1.1 GET http://localhost:5205/Ideas - 200 null text/html; charset=utf-8 67.0797ms
2026-05-14 16:42:40.160 +03:00 [INF] Request starting HTTP/1.1 GET http://localhost:5205/Ideas/Create - null null
2026-05-14 16:42:40.162 +03:00 [INF] Executing endpoint 'InnovatEPAM.Portal.Controllers.IdeasController.Create (InnovatEPAM.Portal)'
2026-05-14 16:42:40.162 +03:00 [INF] Route matched with {action = "Create", controller = "Ideas"}. Executing controller action with signature Microsoft.AspNetCore.Mvc.IActionResult Create() on controller InnovatEPAM.Portal.Controllers.IdeasController (InnovatEPAM.Portal).
2026-05-14 16:42:40.163 +03:00 [INF] Executing ViewResult, running view Create.
2026-05-14 16:42:40.192 +03:00 [INF] Executed ViewResult - view Create executed in 29.1759ms.
2026-05-14 16:42:40.192 +03:00 [INF] Executed action InnovatEPAM.Portal.Controllers.IdeasController.Create (InnovatEPAM.Portal) in 29.7678ms
2026-05-14 16:42:40.192 +03:00 [INF] Executed endpoint 'InnovatEPAM.Portal.Controllers.IdeasController.Create (InnovatEPAM.Portal)'
2026-05-14 16:42:40.193 +03:00 [INF] Request finished HTTP/1.1 GET http://localhost:5205/Ideas/Create - 200 null text/html; charset=utf-8 32.9115ms
2026-05-14 16:42:40.207 +03:00 [INF] Request starting HTTP/1.1 GET http://localhost:5205/lib/jquery-validation-unobtrusive/dist/jquery.validate.unobtrusive.min.js - null null
2026-05-14 16:42:40.207 +03:00 [INF] Request starting HTTP/1.1 GET http://localhost:5205/lib/jquery-validation/dist/jquery.validate.min.js - null null
2026-05-14 16:42:40.207 +03:00 [INF] The file /lib/jquery-validation/dist/jquery.validate.min.js was not modified
2026-05-14 16:42:40.207 +03:00 [INF] The file /lib/jquery-validation-unobtrusive/dist/jquery.validate.unobtrusive.min.js was not modified
2026-05-14 16:42:40.207 +03:00 [INF] Request starting HTTP/1.1 GET http://localhost:5205/js/category-form.js?v=nG8W0xztH1tquHZ8i3mY5fa49J-a9-8zuvQh19m1JYA - null null
2026-05-14 16:42:40.208 +03:00 [INF] Request finished HTTP/1.1 GET http://localhost:5205/lib/jquery-validation/dist/jquery.validate.min.js - 304 null text/javascript 0.5091ms
2026-05-14 16:42:40.208 +03:00 [INF] Request finished HTTP/1.1 GET http://localhost:5205/lib/jquery-validation-unobtrusive/dist/jquery.validate.unobtrusive.min.js - 304 null text/javascript 0.6786ms
2026-05-14 16:42:40.208 +03:00 [INF] The file /js/category-form.js was not modified
2026-05-14 16:42:40.208 +03:00 [INF] Request finished HTTP/1.1 GET http://localhost:5205/js/category-form.js?v=nG8W0xztH1tquHZ8i3mY5fa49J-a9-8zuvQh19m1JYA - 304 null text/javascript 0.4994ms
2026-05-14 16:43:01.289 +03:00 [INF] Request starting HTTP/1.1 GET http://localhost:5205/Ideas - null null
2026-05-14 16:43:01.291 +03:00 [INF] Executing endpoint 'InnovatEPAM.Portal.Controllers.IdeasController.Index (InnovatEPAM.Portal)'
2026-05-14 16:43:01.291 +03:00 [INF] Route matched with {action = "Index", controller = "Ideas"}. Executing controller action with signature System.Threading.Tasks.Task`1[Microsoft.AspNetCore.Mvc.IActionResult] Index(System.String) on controller InnovatEPAM.Portal.Controllers.IdeasController (InnovatEPAM.Portal).
2026-05-14 16:43:01.295 +03:00 [INF] Executed DbCommand (1ms) [Parameters=[@submitterId='?' (DbType = Guid)], CommandType='"Text"', CommandTimeout='30']
SELECT i."Id", i."Category", i."CategoryData", i."CreatedDate", i."CurrentReviewStage", i."Description", i."LastModifiedByAdminId", i."LastModifiedDate", i."Status", i."SubmitterId", i."Title", u."Id", u."AccessFailedCount", u."ConcurrencyStamp", u."CreatedDate", u."Email", u."EmailConfirmed", u."FirstName", u."LastName", u."LockoutEnabled", u."LockoutEnd", u."NormalizedEmail", u."NormalizedUserName", u."PasswordHash", u."PhoneNumber", u."PhoneNumberConfirmed", u."SecurityStamp", u."TwoFactorEnabled", u."UserName"
FROM "Ideas" AS i
INNER JOIN "Users" AS u ON i."SubmitterId" = u."Id"
WHERE i."SubmitterId" = @submitterId
ORDER BY i."CreatedDate" DESC
2026-05-14 16:43:01.295 +03:00 [INF] Executing ViewResult, running view Index.
2026-05-14 16:43:01.296 +03:00 [INF] Executed ViewResult - view Index executed in 0.5975ms.
2026-05-14 16:43:01.296 +03:00 [INF] Executed action InnovatEPAM.Portal.Controllers.IdeasController.Index (InnovatEPAM.Portal) in 5.2192ms
2026-05-14 16:43:01.296 +03:00 [INF] Executed endpoint 'InnovatEPAM.Portal.Controllers.IdeasController.Index (InnovatEPAM.Portal)'
2026-05-14 16:43:01.296 +03:00 [INF] Request finished HTTP/1.1 GET http://localhost:5205/Ideas - 200 null text/html; charset=utf-8 7.1278ms
2026-05-14 16:43:02.722 +03:00 [INF] Request starting HTTP/1.1 GET http://localhost:5205/Ideas - null null
2026-05-14 16:43:02.723 +03:00 [INF] Executing endpoint 'InnovatEPAM.Portal.Controllers.IdeasController.Index (InnovatEPAM.Portal)'
2026-05-14 16:43:02.723 +03:00 [INF] Route matched with {action = "Index", controller = "Ideas"}. Executing controller action with signature System.Threading.Tasks.Task`1[Microsoft.AspNetCore.Mvc.IActionResult] Index(System.String) on controller InnovatEPAM.Portal.Controllers.IdeasController (InnovatEPAM.Portal).
2026-05-14 16:43:02.726 +03:00 [INF] Executed DbCommand (1ms) [Parameters=[@submitterId='?' (DbType = Guid)], CommandType='"Text"', CommandTimeout='30']
SELECT i."Id", i."Category", i."CategoryData", i."CreatedDate", i."CurrentReviewStage", i."Description", i."LastModifiedByAdminId", i."LastModifiedDate", i."Status", i."SubmitterId", i."Title", u."Id", u."AccessFailedCount", u."ConcurrencyStamp", u."CreatedDate", u."Email", u."EmailConfirmed", u."FirstName", u."LastName", u."LockoutEnabled", u."LockoutEnd", u."NormalizedEmail", u."NormalizedUserName", u."PasswordHash", u."PhoneNumber", u."PhoneNumberConfirmed", u."SecurityStamp", u."TwoFactorEnabled", u."UserName"
FROM "Ideas" AS i
INNER JOIN "Users" AS u ON i."SubmitterId" = u."Id"
WHERE i."SubmitterId" = @submitterId
ORDER BY i."CreatedDate" DESC
2026-05-14 16:43:02.726 +03:00 [INF] Executing ViewResult, running view Index.
2026-05-14 16:43:02.728 +03:00 [INF] Executed ViewResult - view Index executed in 1.413ms.
2026-05-14 16:43:02.728 +03:00 [INF] Executed action InnovatEPAM.Portal.Controllers.IdeasController.Index (InnovatEPAM.Portal) in 4.5802ms
2026-05-14 16:43:02.728 +03:00 [INF] Executed endpoint 'InnovatEPAM.Portal.Controllers.IdeasController.Index (InnovatEPAM.Portal)'
2026-05-14 16:43:02.728 +03:00 [INF] Request finished HTTP/1.1 GET http://localhost:5205/Ideas - 200 null text/html; charset=utf-8 5.9661ms
2026-05-14 16:43:48.807 +03:00 [INF] Request starting HTTP/1.1 GET http://localhost:5205/Ideas/Create - null null
2026-05-14 16:43:48.808 +03:00 [INF] Executing endpoint 'InnovatEPAM.Portal.Controllers.IdeasController.Create (InnovatEPAM.Portal)'
2026-05-14 16:43:48.809 +03:00 [INF] Route matched with {action = "Create", controller = "Ideas"}. Executing controller action with signature Microsoft.AspNetCore.Mvc.IActionResult Create() on controller InnovatEPAM.Portal.Controllers.IdeasController (InnovatEPAM.Portal).
2026-05-14 16:43:48.809 +03:00 [INF] Executing ViewResult, running view Create.
2026-05-14 16:43:48.810 +03:00 [INF] Executed ViewResult - view Create executed in 1.7832ms.
2026-05-14 16:43:48.811 +03:00 [INF] Executed action InnovatEPAM.Portal.Controllers.IdeasController.Create (InnovatEPAM.Portal) in 1.9082ms
2026-05-14 16:43:48.811 +03:00 [INF] Executed endpoint 'InnovatEPAM.Portal.Controllers.IdeasController.Create (InnovatEPAM.Portal)'
2026-05-14 16:43:48.811 +03:00 [INF] Request finished HTTP/1.1 GET http://localhost:5205/Ideas/Create - 200 null text/html; charset=utf-8 3.9814ms
2026-05-14 16:43:51.106 +03:00 [INF] Request starting HTTP/1.1 GET http://localhost:5205/Ideas - null null
2026-05-14 16:43:51.107 +03:00 [INF] Executing endpoint 'InnovatEPAM.Portal.Controllers.IdeasController.Index (InnovatEPAM.Portal)'
2026-05-14 16:43:51.107 +03:00 [INF] Route matched with {action = "Index", controller = "Ideas"}. Executing controller action with signature System.Threading.Tasks.Task`1[Microsoft.AspNetCore.Mvc.IActionResult] Index(System.String) on controller InnovatEPAM.Portal.Controllers.IdeasController (InnovatEPAM.Portal).
2026-05-14 16:43:51.109 +03:00 [INF] Executed DbCommand (1ms) [Parameters=[@submitterId='?' (DbType = Guid)], CommandType='"Text"', CommandTimeout='30']
SELECT i."Id", i."Category", i."CategoryData", i."CreatedDate", i."CurrentReviewStage", i."Description", i."LastModifiedByAdminId", i."LastModifiedDate", i."Status", i."SubmitterId", i."Title", u."Id", u."AccessFailedCount", u."ConcurrencyStamp", u."CreatedDate", u."Email", u."EmailConfirmed", u."FirstName", u."LastName", u."LockoutEnabled", u."LockoutEnd", u."NormalizedEmail", u."NormalizedUserName", u."PasswordHash", u."PhoneNumber", u."PhoneNumberConfirmed", u."SecurityStamp", u."TwoFactorEnabled", u."UserName"
FROM "Ideas" AS i
INNER JOIN "Users" AS u ON i."SubmitterId" = u."Id"
WHERE i."SubmitterId" = @submitterId
ORDER BY i."CreatedDate" DESC
2026-05-14 16:43:51.109 +03:00 [INF] Executing ViewResult, running view Index.
2026-05-14 16:43:51.110 +03:00 [INF] Executed ViewResult - view Index executed in 0.6003ms.
2026-05-14 16:43:51.110 +03:00 [INF] Executed action InnovatEPAM.Portal.Controllers.IdeasController.Index (InnovatEPAM.Portal) in 2.7067ms
2026-05-14 16:43:51.110 +03:00 [INF] Executed endpoint 'InnovatEPAM.Portal.Controllers.IdeasController.Index (InnovatEPAM.Portal)'
2026-05-14 16:43:51.110 +03:00 [INF] Request finished HTTP/1.1 GET http://localhost:5205/Ideas - 200 null text/html; charset=utf-8 4.1015ms
2026-05-14 16:43:52.174 +03:00 [INF] Request starting HTTP/1.1 GET http://localhost:5205/ - null null
2026-05-14 16:43:52.175 +03:00 [INF] Executing endpoint 'InnovatEPAM.Portal.Controllers.HomeController.Index (InnovatEPAM.Portal)'
2026-05-14 16:43:52.175 +03:00 [INF] Route matched with {action = "Index", controller = "Home"}. Executing controller action with signature Microsoft.AspNetCore.Mvc.IActionResult Index() on controller InnovatEPAM.Portal.Controllers.HomeController (InnovatEPAM.Portal).
2026-05-14 16:43:52.175 +03:00 [INF] Executing RedirectResult, redirecting to /Ideas.
2026-05-14 16:43:52.175 +03:00 [INF] Executed action InnovatEPAM.Portal.Controllers.HomeController.Index (InnovatEPAM.Portal) in 0.1303ms
2026-05-14 16:43:52.175 +03:00 [INF] Executed endpoint 'InnovatEPAM.Portal.Controllers.HomeController.Index (InnovatEPAM.Portal)'
2026-05-14 16:43:52.175 +03:00 [INF] Request finished HTTP/1.1 GET http://localhost:5205/ - 302 0 null 1.0933ms
2026-05-14 16:43:52.179 +03:00 [INF] Request starting HTTP/1.1 GET http://localhost:5205/Ideas - null null
2026-05-14 16:43:52.180 +03:00 [INF] Executing endpoint 'InnovatEPAM.Portal.Controllers.IdeasController.Index (InnovatEPAM.Portal)'
2026-05-14 16:43:52.181 +03:00 [INF] Route matched with {action = "Index", controller = "Ideas"}. Executing controller action with signature System.Threading.Tasks.Task`1[Microsoft.AspNetCore.Mvc.IActionResult] Index(System.String) on controller InnovatEPAM.Portal.Controllers.IdeasController (InnovatEPAM.Portal).
2026-05-14 16:43:52.182 +03:00 [INF] Executed DbCommand (1ms) [Parameters=[@submitterId='?' (DbType = Guid)], CommandType='"Text"', CommandTimeout='30']
SELECT i."Id", i."Category", i."CategoryData", i."CreatedDate", i."CurrentReviewStage", i."Description", i."LastModifiedByAdminId", i."LastModifiedDate", i."Status", i."SubmitterId", i."Title", u."Id", u."AccessFailedCount", u."ConcurrencyStamp", u."CreatedDate", u."Email", u."EmailConfirmed", u."FirstName", u."LastName", u."LockoutEnabled", u."LockoutEnd", u."NormalizedEmail", u."NormalizedUserName", u."PasswordHash", u."PhoneNumber", u."PhoneNumberConfirmed", u."SecurityStamp", u."TwoFactorEnabled", u."UserName"
FROM "Ideas" AS i
INNER JOIN "Users" AS u ON i."SubmitterId" = u."Id"
WHERE i."SubmitterId" = @submitterId
ORDER BY i."CreatedDate" DESC
2026-05-14 16:43:52.182 +03:00 [INF] Executing ViewResult, running view Index.
2026-05-14 16:43:52.183 +03:00 [INF] Executed ViewResult - view Index executed in 0.4057ms.
2026-05-14 16:43:52.183 +03:00 [INF] Executed action InnovatEPAM.Portal.Controllers.IdeasController.Index (InnovatEPAM.Portal) in 1.9547ms
2026-05-14 16:43:52.183 +03:00 [INF] Executed endpoint 'InnovatEPAM.Portal.Controllers.IdeasController.Index (InnovatEPAM.Portal)'
2026-05-14 16:43:52.183 +03:00 [INF] Request finished HTTP/1.1 GET http://localhost:5205/Ideas - 200 null text/html; charset=utf-8 3.5227ms
